"Ads_id","Ads_startdate","Ads_enddate","Ads_price","Supplier_id","Product_id"
"AD445322524","23/12/2022","12/10/2023",2349.51,"SUP106937126","P61926913"
"AD860143870","16/9/2022","17/4/2023",630.56,"SUP146303725","P64188193"
"AD822342060","15/9/2022","31/12/2023",2257,"SUP398474325","P38753116"
"AD057947406","16/4/2022","10/12/2023",1833.04,"SUP133509984","P97568768"
"AD169577058","7/1/2022","1/4/2023",1919.67,"SUP129224270","P35317573"
"AD338039369","20/6/2022","29/2/2024",1874.76,"SUP259593110","P81729199"
"AD691678157","2/6/2022","14/5/2023",1505.64,"SUP136871057","P13287051"
"AD688750676","21/1/2022","27/1/2024",422.43,"SUP141435801","P86575409"
"AD496205218","6/9/2022","21/11/2023",1089.65,"SUP280438548","P90925914"
"AD035861868","9/4/2022","21/11/2023",765.15,"SUP218582517","P92615078"
"AD687365530","18/11/2021","7/7/2023",888.81,"SUP303200139","P48853418"
"AD393853637","26/11/2021","6/1/2023",112.18,"SUP163462750","P27501243"
"AD927891060","11/12/2022","21/1/2024",853.55,"SUP183296109","P77923787"
"AD843727529","30/5/2021","8/12/2023",1010.34,"SUP132825464","P52204796"
"AD237616310","16/10/2021","25/7/2023",497.98,"SUP262728222","P46386620"
"AD183800287","13/4/2021","13/8/2023",672.75,"SUP512101375","P50372459"
"AD026390088","10/6/2022","29/4/2023",2683.28,"SUP695839034","P47172400"
"AD029988637","7/5/2021","27/2/2023",1095.92,"SUP134982297","P34297538"
"AD647597784","16/12/2022","26/12/2023",2383.33,"SUP249760074","P53155264"
"AD348675884","20/2/2022","30/1/2023",1726.24,"SUP136871057","P78367641"
"AD674275351","26/1/2022","19/8/2023",1736.84,"SUP222889906","P89314961"
"AD374820106","29/5/2021","30/6/2023",1284.11,"SUP114427716","P20641623"
"AD611587310","29/11/2021","15/2/2024",2524.84,"SUP227734170","P50505190"
"AD540461127","31/5/2021","5/7/2023",2439.32,"SUP274260887","P96472289"
"AD900014406","20/6/2021","2/5/2023",624.33,"SUP334406849","P53426774"
"AD787658222","16/2/2021","9/12/2023",1184.42,"SUP226432649","P58474530"
"AD471330419","1/11/2021","17/8/2023",2311.36,"SUP256273530","P94334727"
"AD131484649","8/12/2021","7/3/2023",2794.71,"SUP122284583","P86575409"
"AD658082828","1/6/2021","8/4/2023",2176.59,"SUP133509984","P40649345"
"AD336575821","13/1/2022","6/3/2024",2398.39,"SUP270987025","P10603435"
"AD005789869","9/9/2022","23/2/2023",2165.25,"SUP251725474","P32897218"
"AD859748136","27/5/2021","8/10/2023",148.98,"SUP270987025","P33342028"
"AD656084361","25/11/2021","2/2/2023",522.06,"SUP391286527","P85487175"
"AD918305813","7/3/2022","28/2/2023",464.25,"SUP668506718","P92722397"
"AD650145616","9/12/2021","22/5/2023",477.83,"SUP241058304","P28441437"
"AD065900724","4/7/2022","27/9/2023",2216.13,"SUP144153284","P43542510"
"AD756831336","22/4/2021","19/9/2023",88.32,"SUP278639247","P41608676"
"AD382586430","31/10/2022","4/1/2023",1952.66,"SUP261309764","P61395791"
"AD365547949","27/5/2022","5/3/2023",1032.23,"SUP133404992","P58899446"
"AD843567124","10/7/2022","18/9/2023",1787.02,"SUP248372052","P51233258"
"AD922067814","8/2/2021","8/8/2023",760.11,"SUP487469056","P61429599"
"AD035103991","28/5/2021","8/4/2023",2230.69,"SUP246730485","P36329652"
"AD956268283","30/6/2021","18/12/2023",1513.2,"SUP246839810","P13287051"
"AD958947994","14/6/2022","19/1/2023",987.87,"SUP398474325","P83414248"
"AD573354232","18/2/2021","12/11/2023",1126.81,"SUP938696893","P19371997"
"AD839948892","31/1/2021","4/12/2023",1986.62,"SUP200579943","P54647334"
"AD847861431","8/7/2021","8/4/2023",1518.47,"SUP228032136","P65983555"
"AD589127007","8/9/2021","14/9/2023",2866.04,"SUP224448032","P82566347"
"AD141684757","1/10/2021","9/1/2023",1467.45,"SUP938696893","P18156345"
"AD164905949","31/1/2022","3/2/2023",1738.83,"SUP262728222","P58591848"
"AD036133379","25/4/2022","26/1/2023",1000.4,"SUP131798677","P46544797"
"AD451961481","18/9/2021","31/3/2023",105.46,"SUP156300936","P91809454"
"AD841873029","16/2/2021","13/2/2024",932.8,"SUP325358843","P32532492"
"AD307564041","26/9/2022","2/7/2023",887.78,"SUP338902121","P49751701"
"AD171122509","20/1/2021","9/10/2023",2599.16,"SUP232333075","P44807534"
"AD368286167","5/6/2022","27/6/2023",182.3,"SUP131299122","P31449565"
"AD715910116","17/11/2022","30/6/2023",1684.45,"SUP293926685","P37294983"
"AD083736976","11/1/2021","2/12/2023",2395.28,"SUP324870003","P14375300"
"AD235816982","22/2/2022","16/1/2023",1169.69,"SUP284008125","P37668288"
"AD622679983","16/10/2022","25/1/2023",2274.45,"SUP159432385","P76303988"
"AD995030013","27/8/2021","11/10/2023",2586.13,"SUP325358843","P76303988"
"AD681658648","9/12/2022","6/1/2024",2790.56,"SUP892567108","P46544797"
"AD577855441","9/7/2022","3/8/2023",46.38,"SUP264619357","P55206620"
"AD903867409","22/9/2022","20/9/2023",2159.04,"SUP760221969","P26482200"
"AD200755951","15/10/2022","17/11/2023",170.53,"SUP207257196","P56729689"
"AD584074534","19/9/2022","29/1/2024",212.34,"SUP311982157","P37231300"
"AD667913633","6/2/2021","10/2/2023",2286.38,"SUP222889906","P76459907"
"AD677259824","22/3/2021","2/4/2023",2491.07,"SUP265977472","P36933022"
"AD636614662","4/5/2022","24/2/2023",1570.55,"SUP391286527","P60375192"
"AD350212127","26/8/2021","21/11/2023",2268.31,"SUP576154144","P11732301"
"AD225273183","12/7/2021","4/2/2023",2473.08,"SUP172597346","P39805594"
"AD328136074","12/8/2022","16/5/2023",334.63,"SUP156300936","P56656400"
"AD032220230","9/11/2022","26/8/2023",1829.13,"SUP155078486","P41205116"
"AD582239520","12/11/2021","9/1/2024",1056.51,"SUP853255224","P81375409"
"AD112461823","8/10/2022","10/9/2023",2340.9,"SUP275620523","P46637021"
"AD865727828","15/10/2021","14/5/2023",155.84,"SUP714146417","P41232863"
"AD931636283","1/8/2022","29/12/2023",2346.16,"SUP135411427","P21669181"
"AD635300765","12/1/2021","22/4/2023",182.75,"SUP155078486","P71694575"
"AD012660572","28/3/2022","16/6/2023",980.5,"SUP209531516","P31652354"
"AD336353061","23/10/2021","1/2/2024",680.69,"SUP945668282","P20674547"
"AD578555081","25/12/2022","26/2/2024",2632.71,"SUP170774484","P26262802"
"AD090183438","8/10/2021","1/2/2024",18.55,"SUP656913471","P29264607"
"AD067497956","10/8/2021","10/5/2023",493.68,"SUP169767088","P64131670"
"AD382298076","16/5/2022","14/2/2023",1028.81,"SUP204457471","P47109983"
"AD118775505","10/6/2022","18/12/2023",165.79,"SUP334920424","P34139616"
"AD905247291","16/4/2022","12/2/2023",2325.11,"SUP188795951","P92246999"
"AD257296362","11/3/2022","20/2/2024",984.65,"SUP303365953","P94875199"
"AD495464959","15/1/2022","2/12/2023",1815.51,"SUP443090128","P16574244"
"AD029038364","16/4/2022","26/2/2024",1935.56,"SUP322365865","P91809454"
"AD946301044","26/11/2021","29/8/2023",2541.88,"SUP173547559","P67275057"
"AD742022159","22/6/2022","19/10/2023",268.52,"SUP132254606","P94819787"
"AD720086540","27/7/2021","9/5/2023",133,"SUP283070800","P71694575"
"AD780662677","27/7/2021","25/7/2023",1168.63,"SUP151690213","P17357211"
"AD129398740","10/2/2021","28/5/2023",2108.49,"SUP203120380","P85664224"
"AD388398422","24/3/2021","10/5/2023",2956.71,"SUP247151522","P63223251"
"AD315672782","9/7/2022","8/2/2023",1366.11,"SUP224448032","P82479977"
"AD066906868","22/12/2022","17/11/2023",1126.33,"SUP286527883","P20641623"
"AD072439526","29/7/2022","27/1/2024",1819.33,"SUP853255224","P20674547"
"AD203351999","26/8/2021","3/8/2023",2583.39,"SUP206423067","P76573321"
"AD641749150","14/7/2021","10/10/2023",867.49,"SUP201639405","P23954632"
"AD907661185","22/6/2022","2/7/2023",1100.54,"SUP322365865","P59852909"
"AD215515706","12/5/2022","26/12/2023",645.95,"SUP258163777","P64131670"
"AD953338595","17/10/2021","12/10/2023",405.93,"SUP166618280","P89555698"
"AD883896274","4/12/2022","21/4/2023",1877.69,"SUP243659080","P37294983"
"AD273509032","6/10/2022","30/11/2023",1137.05,"SUP224698208","P76573321"
"AD890330005","1/10/2022","7/12/2023",2874.3,"SUP142663161","P39805594"
"AD753792905","17/6/2021","14/3/2023",1867.94,"SUP198078780","P37231300"
"AD641607042","15/7/2022","28/7/2023",1078,"SUP121271196","P32531909"
"AD057445127","15/8/2021","16/5/2023",2256.1,"SUP476888678","P46931127"
"AD973168739","18/5/2021","30/7/2023",902.53,"SUP283070800","P31796113"
"AD244357909","14/10/2021","12/11/2023",401.99,"SUP228032136","P22254190"
"AD646561606","9/5/2021","17/10/2023",107.95,"SUP155078486","P44423881"
"AD551908790","5/3/2021","19/5/2023",1909.98,"SUP840587209","P27202681"
"AD922770180","23/11/2021","28/7/2023",2442.27,"SUP853255224","P48853418"
"AD647348640","9/8/2021","31/3/2023",608.72,"SUP218582517","P58223547"
"AD167591808","10/7/2022","23/9/2023",2353.93,"SUP283355172","P66719343"
"AD161908754","27/6/2022","11/7/2023",833.89,"SUP195739214","P10107240"
"AD519292915","8/7/2022","7/3/2024",1867.32,"SUP311982157","P60205815"
"AD518091610","6/12/2021","14/10/2023",1007.89,"SUP339148131","P49292258"
"AD450665353","23/8/2022","13/4/2023",1502.37,"SUP316833253","P15957424"
"AD178784652","16/10/2022","18/4/2023",2378.13,"SUP232115291","P76459907"
"AD339781612","30/8/2021","11/4/2023",1941.09,"SUP576154144","P48287238"
"AD411464496","13/11/2022","13/4/2023",193.69,"SUP272155500","P43586219"
"AD719221935","17/4/2022","6/4/2023",2007.28,"SUP424904370","P19935373"
"AD073542062","22/12/2022","29/1/2024",10.94,"SUP320400027","P49751701"
"AD888157435","5/11/2022","13/7/2023",90.91,"SUP142663161","P99996011"
"AD479854897","16/6/2022","2/9/2023",890.89,"SUP188795951","P57533522"
"AD883326724","31/3/2021","7/3/2023",2751.1,"SUP229604884","P36735621"
"AD182537473","29/4/2021","30/7/2023",366.37,"SUP512101375","P15616370"
"AD883379000","1/8/2022","4/3/2023",2071.72,"SUP200579943","P22459254"
"AD397940723","23/6/2021","27/10/2023",343.12,"SUP339148131","P66191469"
"AD285243979","17/12/2021","29/2/2024",997.51,"SUP204457471","P47109983"
"AD963778809","20/10/2021","14/4/2023",635.44,"SUP246730485","P77923787"
"AD626783464","25/2/2021","19/12/2023",1630.53,"SUP100395220","P23115354"
"AD542175125","3/2/2022","4/8/2023",1658,"SUP284017038","P39826195"
"AD949395279","21/4/2022","23/2/2023",592.62,"SUP689350546","P89573496"
"AD446907429","18/12/2022","29/12/2023",761.77,"SUP294192046","P98273360"
"AD100293992","20/11/2022","17/9/2023",2712.19,"SUP226432649","P23511328"
"AD683055892","14/11/2022","11/9/2023",1153.72,"SUP218582517","P77906440"
"AD811983017","3/1/2021","12/2/2024",2944.73,"SUP218950278","P90213319"
"AD793976117","12/5/2022","23/7/2023",1453.81,"SUP141435801","P56426674"
"AD792790075","4/2/2021","18/6/2023",1204.27,"SUP226905544","P21669181"
"AD160001555","4/10/2021","3/1/2024",483.81,"SUP203374023","P44696854"
"AD127702440","7/4/2021","21/12/2023",1407.83,"SUP224698208","P54252623"
"AD860267480","2/8/2022","14/2/2023",2810.46,"SUP169767088","P94622945"
"AD849795042","24/4/2022","22/9/2023",540.19,"SUP313562672","P56907959"
"AD571338613","10/10/2021","22/12/2023",573.03,"SUP117295279","P11549408"
"AD757951285","8/6/2022","15/2/2023",2896.57,"SUP714146417","P44893051"
"AD908305144","25/10/2022","24/2/2024",1856.35,"SUP278639247","P59517237"
"AD976320443","17/11/2022","31/1/2024",473.05,"SUP214873042","P47988011"
"AD543198500","26/10/2021","14/6/2023",849.09,"SUP191089540","P44213668"
"AD029430733","29/9/2022","7/3/2024",887.94,"SUP293268870","P47241676"
"AD207668383","24/10/2021","20/4/2023",2864.48,"SUP247151522","P82942731"
"AD948192851","2/12/2022","5/11/2023",1501.37,"SUP273951622","P32414713"
"AD297254182","27/6/2022","29/8/2023",78.9,"SUP160985008","P95573042"
"AD839268731","3/8/2021","28/11/2023",854.61,"SUP154356472","P97429604"
"AD213990911","29/3/2022","3/2/2023",1346.29,"SUP207257196","P62685206"
"AD354032407","16/1/2022","2/10/2023",1554.99,"SUP179344382","P77906440"
"AD753211773","28/11/2021","29/10/2023",1339.8,"SUP293926685","P91263430"
"AD329525939","28/8/2021","12/4/2023",2154.18,"SUP195184466","P70867799"
"AD916111208","4/1/2022","24/6/2023",60.2,"SUP182315671","P72391139"
"AD803120580","29/3/2022","18/11/2023",116.92,"SUP224698208","P31449565"
"AD457328832","7/7/2021","27/7/2023",2451.44,"SUP260909455","P18539192"
"AD011237716","10/6/2022","29/6/2023",798.41,"SUP339148131","P82566347"
"AD200599189","12/2/2022","14/5/2023",2343.01,"SUP320400027","P90213319"
"AD633050104","26/7/2022","12/7/2023",70.49,"SUP325358843","P99996011"
"AD247497664","14/6/2021","28/11/2023",621.16,"SUP117295279","P30683957"
"AD806929171","8/5/2021","1/2/2024",56.02,"SUP284008125","P63223251"
"AD575681210","9/8/2022","9/7/2023",1418.51,"SUP248372052","P82406876"
"AD171749250","17/7/2021","26/9/2023",1105.92,"SUP576154144","P69694346"
"AD621402089","20/3/2021","25/4/2023",388.68,"SUP112426010","P99842537"
"AD478146935","6/5/2022","30/10/2023",1198.44,"SUP760221969","P50641947"
"AD259558248","31/8/2022","25/2/2024",1126.58,"SUP158785898","P20734556"
"AD395801865","3/12/2021","21/3/2023",2447.52,"SUP173547559","P25733544"
"AD712497751","13/9/2021","13/1/2023",2469.53,"SUP324870003","P74135058"
"AD113751757","5/1/2022","6/9/2023",1881.49,"SUP218582517","P94668096"
"AD970851344","8/12/2022","22/10/2023",635.23,"SUP275620523","P44893051"
"AD266949867","13/12/2021","15/9/2023",1094.61,"SUP232333075","P37161903"
"AD749279312","6/3/2022","26/12/2023",2933.89,"SUP256273530","P12852966"
"AD174910043","7/4/2022","3/4/2023",2368.38,"SUP151805265","P27202681"
"AD383843631","14/9/2022","17/6/2023",1646.58,"SUP125198230","P32527331"
"AD314330498","23/7/2022","25/9/2023",412.6,"SUP129224270","P93171573"
"AD391789656","15/7/2021","2/8/2023",1605.36,"SUP146303725","P74135058"
"AD204571673","8/2/2022","17/1/2023",961.73,"SUP198078780","P32531909"
"AD148476178","18/6/2021","29/7/2023",1010.89,"SUP695839034","P89555698"
"AD208086256","28/8/2021","21/8/2023",1395.57,"SUP286527883","P24968444"
"AD289892560","16/8/2022","11/3/2023",824.2,"SUP290451107","P70126000"
"AD025300373","28/7/2021","5/8/2023",2852.99,"SUP134982297","P75463073"
"AD915392336","24/6/2021","29/6/2023",1365.8,"SUP476888678","P38449378"
"AD178796431","14/10/2022","14/8/2023",279.67,"SUP463149069","P98733463"
"AD239304754","4/3/2022","9/4/2023",1779.38,"SUP176933531","P31796113"
"AD717240063","14/8/2022","12/5/2023",469.49,"SUP275620523","P85235702"
"AD818391574","29/12/2021","21/2/2023",2785.94,"SUP159126633","P19201199"
"AD095736203","5/7/2022","20/12/2023",837.73,"SUP163462750","P93426015"
"AD533825744","11/2/2022","8/4/2023",1301.97,"SUP172597346","P70523514"
"AD515214446","4/8/2022","10/2/2024",2540.96,"SUP155467998","P30382608"
"AD707675068","27/3/2022","26/7/2023",1167.3,"SUP132315598","P99789809"
"AD575656547","21/8/2021","17/1/2023",2324.92,"SUP274260887","P62685206"
"AD754908052","28/7/2022","11/7/2023",2128.36,"SUP144153284","P70177835"
"AD560282658","2/10/2022","27/3/2023",1065.35,"SUP107618171","P41899275"
"AD875682111","31/1/2022","26/6/2023",955.86,"SUP117295279","P16916593"
"AD772051292","18/3/2021","16/11/2023",1947.98,"SUP224698208","P28889142"
"AD845434580","14/9/2022","29/3/2023",1032.67,"SUP216261676","P49292258"
"AD504276000","29/12/2022","24/6/2023",1108,"SUP186921538","P92615078"
"AD250005202","29/8/2021","26/8/2023",648.69,"SUP288993955","P92803982"
"AD426693390","2/3/2021","10/5/2023",280.1,"SUP311982157","P13782125"
"AD420586148","7/10/2022","28/7/2023",2425.08,"SUP132825464","P67314901"
"AD719797144","2/1/2022","31/10/2023",1994.87,"SUP292038086","P85472117"
"AD089161946","22/7/2022","6/10/2023",965.25,"SUP324870003","P47109983"
"AD736046240","4/10/2022","28/12/2023",250.61,"SUP131299122","P92615078"
"AD306760702","11/12/2022","13/1/2023",459.95,"SUP159407557","P97429604"
"AD477809530","8/5/2022","5/9/2023",33.06,"SUP443090128","P23854089"
"AD248029783","6/6/2022","17/7/2023",836.85,"SUP136665271","P51502320"
"AD981720837","7/7/2021","29/11/2023",126.71,"SUP173547559","P94668096"
"AD255782264","14/11/2022","3/5/2023",2658.3,"SUP160985008","P42515509"
"AD089077605","1/2/2021","15/11/2023",159.85,"SUP512101375","P37294983"
"AD626071008","16/12/2022","6/8/2023",456.54,"SUP203120380","P13569922"
"AD365505610","31/5/2021","26/10/2023",1774.69,"SUP303365953","P31449565"
"AD472891923","21/9/2022","30/3/2023",1685.6,"SUP248372052","P50833741"
"AD345835302","25/4/2022","21/11/2023",2883.6,"SUP107618171","P61395791"
"AD385148932","10/10/2022","9/10/2023",1937.93,"SUP133404992","P61449978"
"AD729964053","19/6/2022","25/9/2023",389.22,"SUP186921538","P96677758"
"AD662765395","4/3/2022","11/11/2023",1709.9,"SUP218950278","P58899446"
"AD941532225","23/10/2021","18/12/2023",2221.18,"SUP588129541","P32873674"
"AD115151441","21/11/2021","8/5/2023",2779.1,"SUP156300936","P76303988"
"AD584103971","20/6/2021","20/10/2023",1220.89,"SUP251586871","P46102483"
"AD221014121","21/2/2021","15/4/2023",2894.38,"SUP795028826","P61926913"
"AD606356536","31/8/2022","9/4/2023",2185.17,"SUP261309764","P48111266"
"AD459832444","13/8/2021","23/1/2024",856.98,"SUP283070800","P29518596"
"AD443566079","11/7/2021","24/3/2023",1399.79,"SUP463149069","P23885151"
"AD300152345","1/4/2021","5/1/2024",385.86,"SUP424904370","P61963665"
"AD901821587","17/11/2022","12/9/2023",1203.93,"SUP131406229","P63226549"
"AD998920246","6/10/2021","5/8/2023",2823.03,"SUP151805265","P94668096"
"AD602749630","15/11/2021","14/12/2023",2024.79,"SUP443090128","P89694349"
"AD174515414","11/11/2021","27/4/2023",145.63,"SUP463149069","P53649623"
"AD814935232","14/8/2022","3/1/2023",2743.67,"SUP172597346","P38753116"
"AD182687869","9/11/2021","17/11/2023",627.23,"SUP820077324","P94668096"
"AD735014150","17/1/2022","24/2/2023",1755.41,"SUP359315989","P26594134"
"AD982185504","10/9/2022","21/2/2023",1877.05,"SUP398474325","P90925914"
"AD552093632","1/11/2022","14/10/2023",943.56,"SUP159126633","P87409829"
"AD294432607","30/4/2022","26/1/2023",1735.31,"SUP120465025","P13472415"
"AD599462418","16/6/2021","31/1/2023",179.51,"SUP112214886","P63223251"
"AD517745294","8/11/2021","15/11/2023",307.67,"SUP311982157","P63203803"
"AD045027790","14/3/2022","20/9/2023",2223.09,"SUP155078486","P47172400"
"AD030791046","31/1/2022","27/2/2023",1908.53,"SUP322365865","P15616370"
"AD405624678","12/3/2022","22/7/2023",1032.9,"SUP129209784","P17137437"
"AD861631982","10/8/2021","21/6/2023",2360.13,"SUP170774484","P23511328"
"AD242647916","9/3/2022","14/10/2023",2200.71,"SUP151971428","P36353779"
"AD152925021","14/4/2022","27/10/2023",154.08,"SUP289814149","P83352663"
"AD876830537","5/12/2022","27/4/2023",2831.7,"SUP289814149","P13263309"
"AD940253364","25/12/2021","1/7/2023",1540.04,"SUP133404992","P10458194"
"AD803907748","26/7/2021","21/1/2023",389.14,"SUP141435801","P56426674"
"AD566258516","17/11/2022","8/2/2024",2827.96,"SUP228032136","P62744404"
"AD050278861","29/6/2022","5/8/2023",952.55,"SUP262728222","P50372459"
"AD817357881","4/8/2021","11/6/2023",2159.52,"SUP191864249","P42515509"
"AD159377920","6/8/2022","11/4/2023",583.6,"SUP222889906","P60205815"
"AD894336561","21/6/2022","11/2/2023",2154.21,"SUP203120380","P36846102"
"AD433392887","18/7/2021","27/3/2023",436.56,"SUP334406849","P90263233"
"AD631102863","2/9/2021","27/8/2023",1335.24,"SUP284017038","P36735621"
"AD486255382","25/11/2021","2/10/2023",1704.33,"SUP166618280","P28102025"
"AD437546873","3/2/2021","8/8/2023",439.04,"SUP330356313","P91263430"
"AD524649994","5/6/2021","25/2/2023",112.9,"SUP339148131","P98612339"
"AD910931166","2/6/2022","31/5/2023",1329.86,"SUP853255224","P43542510"
"AD844102685","10/1/2022","22/9/2023",1162.02,"SUP242348575","P78367641"
"AD791602741","31/3/2022","20/2/2023",2746.06,"SUP241058304","P98984468"
"AD482674400","22/10/2022","27/5/2023",2437.72,"SUP114427716","P54446208"
"AD884129575","13/7/2021","2/1/2023",2653.19,"SUP191089540","P59852909"
"AD235501454","1/1/2021","25/9/2023",1235.15,"SUP247151522","P28559641"
"AD898065657","30/12/2022","8/6/2023",699.35,"SUP151805265","P38449378"
"AD332681957","14/2/2022","23/12/2023",2312.4,"SUP487469056","P16547344"
"AD280367599","18/2/2021","17/10/2023",1007.31,"SUP131798677","P53378526"
"AD284150695","30/5/2021","12/4/2023",1536.07,"SUP159126633","P94819787"
"AD350508269","19/4/2021","28/7/2023",385.09,"SUP292038086","P53378526"
"AD077909108","16/4/2021","3/2/2023",2976.31,"SUP131798677","P71694575"
"AD481714783","20/3/2022","18/7/2023",1595.47,"SUP173547559","P44114070"
"AD789809598","1/8/2022","26/9/2023",1770.14,"SUP146303725","P14375300"
"AD713253956","9/12/2022","4/5/2023",2981.62,"SUP226432649","P39731603"
"AD047667424","25/10/2022","2/6/2023",2378.46,"SUP820077324","P40291035"
"AD314813136","11/7/2022","7/4/2023",123.35,"SUP159407557","P53426774"
"AD987611579","19/10/2021","6/1/2024",2002.91,"SUP232115291","P12561701"
"AD987533907","4/5/2021","4/3/2023",1918.34,"SUP246839810","P92803982"
"AD675348941","3/9/2022","30/10/2023",1269.59,"SUP391286527","P55724094"
"AD679438252","17/7/2021","22/8/2023",473.18,"SUP226905544","P98612339"
"AD223944365","19/9/2021","20/1/2023",826.63,"SUP259593110","P81729199"
"AD463449516","25/8/2022","2/7/2023",1823.31,"SUP260054113","P99335403"
"AD309975802","11/4/2022","8/1/2023",95.55,"SUP297518437","P75766182"
"AD429153663","5/12/2022","10/4/2023",355.58,"SUP132825464","P51338421"
"AD885360700","28/3/2021","1/2/2024",1225.66,"SUP135411427","P51338421"
"AD178562012","11/1/2021","6/3/2024",2800.45,"SUP275620523","P22906576"
"AD940990370","7/7/2022","14/9/2023",2701.78,"SUP170232323","P38449378"
"AD046187724","21/5/2021","17/2/2023",37.45,"SUP714146417","P56907959"
"AD057044979","24/10/2022","2/2/2024",1334.16,"SUP226905544","P67314901"
"AD013866933","16/4/2021","9/1/2024",917.9,"SUP424904370","P39294219"
"AD014888745","25/10/2021","21/2/2023",472.62,"SUP339148131","P32928687"
"AD539188931","16/11/2021","18/1/2023",1099.66,"SUP202756351","P98132648"
"AD179807416","31/3/2021","24/11/2023",1068.73,"SUP179344382","P64884205"
"AD562351329","5/7/2021","5/2/2024",1686.28,"SUP131406229","P21669181"
"AD260483712","15/4/2022","25/8/2023",2409.75,"SUP262728222","P32532492"
"AD054942533","16/8/2021","22/1/2024",1159.9,"SUP227734170","P46526353"
"AD719757325","3/7/2021","27/11/2023",683.7,"SUP260762356","P58976509"
"AD196886348","7/7/2021","25/9/2023",1522.05,"SUP170774484","P89555698"
"AD547951528","14/10/2021","22/9/2023",807.01,"SUP129224270","P48296294"
"AD034987155","17/10/2021","28/12/2023",2514.25,"SUP338902121","P34701889"
"AD910275018","9/2/2022","20/2/2023",1254.7,"SUP512101375","P12478111"
"AD447365257","18/3/2021","1/2/2024",1047.09,"SUP945668282","P20154366"
"AD493164256","7/8/2022","18/1/2023",2560.34,"SUP135710883","P75537732"
"AD744086291","1/8/2021","2/5/2023",2043.54,"SUP131406229","P49965352"
"AD848259705","19/3/2022","12/7/2023",1884.64,"SUP391286527","P91263430"
"AD232353336","27/4/2022","24/2/2023",1291.24,"SUP945668282","P40291035"
"AD109418065","23/2/2021","28/10/2023",1703.67,"SUP241058304","P80541827"
"AD688318759","30/3/2022","25/2/2024",418.66,"SUP195184466","P61449978"
"AD463974100","4/11/2022","31/1/2024",2627.18,"SUP246730485","P44893051"
"AD913081336","28/3/2022","28/1/2023",400.78,"SUP324870003","P89694349"
"AD194097914","5/5/2022","28/5/2023",2690.33,"SUP117295279","P40649345"
"AD686346163","2/8/2022","15/12/2023",1676.57,"SUP129224270","P22906576"
"AD653388446","27/6/2022","15/2/2023",625.26,"SUP714146417","P11549408"
"AD716173475","19/5/2022","28/8/2023",332.21,"SUP320400027","P89694349"
"AD407978912","1/12/2021","18/11/2023",277.54,"SUP179344382","P70177835"
"AD600830645","3/3/2021","19/11/2023",2513.97,"SUP985993581","P53649623"
"AD749449879","1/5/2022","14/2/2024",2101.56,"SUP443090128","P23969997"
"AD126291231","8/5/2022","21/2/2024",1813.56,"SUP391286527","P29795820"
"AD023583508","28/3/2022","12/11/2023",2995.07,"SUP290964838","P63226549"
"AD140714263","8/1/2021","16/10/2023",1282.2,"SUP155467998","P13472415"
"AD206558487","9/3/2021","12/11/2023",2846.93,"SUP172597346","P52784962"
"AD361526312","28/1/2022","28/3/2023",1518.83,"SUP158785898","P78289944"
"AD732706594","22/2/2022","25/5/2023",1556.95,"SUP290451107","P50372459"
"AD755892056","17/11/2022","25/10/2023",6.73,"SUP264619357","P41899275"
"AD553066545","23/6/2022","2/12/2023",1959.41,"SUP303200139","P99789809"
"AD810866549","4/12/2021","9/4/2023",1860.85,"SUP163462750","P34139616"
"AD041906902","2/9/2022","31/1/2024",941.13,"SUP216261676","P60375192"
"AD420449840","24/7/2021","14/5/2023",2743.54,"SUP260054113","P77451807"
"AD499997223","5/11/2022","5/3/2024",1170.77,"SUP424904370","P63223251"
"AD891507641","1/8/2021","27/1/2024",2935.6,"SUP290451107","P75463073"
"AD792525039","16/2/2022","8/1/2024",2343.77,"SUP135411427","P41388769"
"AD735253481","7/10/2021","20/11/2023",1092.86,"SUP151805265","P64884205"
"AD158328257","24/3/2021","10/3/2023",400.02,"SUP695839034","P78537269"
"AD445028286","13/11/2021","26/5/2023",640.33,"SUP129209784","P35553822"
"AD444454372","16/7/2021","28/9/2023",192.97,"SUP242348575","P50505190"
"AD529683779","8/10/2022","11/11/2023",2078.58,"SUP198955567","P13867118"
"AD046233687","6/11/2022","29/9/2023",1974.98,"SUP159432385","P74774577"
"AD200548994","15/7/2021","5/7/2023",2164.9,"SUP125198230","P74774577"
"AD667176286","12/6/2021","14/2/2024",1977.32,"SUP259593110","P75537732"
"AD833861597","29/10/2022","17/3/2023",1148.72,"SUP142663161","P23885151"
"AD056776951","2/6/2022","1/4/2023",2861.83,"SUP463149069","P18722193"
"AD891541383","14/6/2021","26/5/2023",1000.81,"SUP169767088","P88568858"
"AD112311246","10/5/2021","18/5/2023",1402.31,"SUP122284583","P92803982"
"AD593588037","14/4/2022","25/6/2023",1327.09,"SUP260054113","P41232863"
"AD791679429","14/1/2021","11/5/2023",2351.67,"SUP113427036","P72391139"
"AD902748806","18/10/2022","29/8/2023",1972.42,"SUP289814149","P47948162"
"AD715090113","10/10/2021","15/10/2023",672.13,"SUP107618171","P75862291"
"AD347114318","26/3/2022","20/11/2023",563.66,"SUP316833253","P91809454"
"AD645398751","28/8/2021","19/7/2023",2745.34,"SUP232333075","P47165693"
"AD174024577","23/9/2022","28/11/2023",1287.92,"SUP117295279","P43426627"
"AD767956356","5/3/2022","17/7/2023",1535.54,"SUP224448032","P21441091"
"AD672367288","12/12/2022","19/8/2023",936.01,"SUP164456819","P42515509"
"AD303380223","18/10/2021","14/3/2023",1219.28,"SUP159407557","P21669181"
"AD922106169","19/8/2021","2/1/2023",2522.11,"SUP853255224","P40447819"
"AD005808002","6/10/2021","11/2/2024",2159.98,"SUP182315671","P69694346"
"AD790561718","26/1/2022","27/11/2023",2852.6,"SUP182315671","P75528934"
"AD042392766","27/8/2022","16/1/2023",493.44,"SUP133509984","P11759622"
"AD433483226","4/2/2022","4/6/2023",2326.94,"SUP330356313","P44213668"
"AD472855507","20/11/2022","21/4/2023",199.67,"SUP187257058","P36735621"
"AD006960516","20/5/2022","13/2/2023",1586.57,"SUP303200139","P51373352"
"AD927837987","9/5/2021","5/7/2023",2397.49,"SUP216261676","P47602968"
"AD949581252","24/6/2021","11/7/2023",1809.85,"SUP122284583","P25448652"
"AD448484603","3/11/2022","6/1/2024",773.5,"SUP135411427","P29264607"
"AD367382483","12/9/2021","27/1/2024",1099.35,"SUP125198230","P34297538"
"AD628372007","22/10/2021","31/7/2023",2936,"SUP689350546","P36846102"
"AD889053206","22/12/2022","29/4/2023",1473.31,"SUP241830593","P13287051"
"AD890886637","2/8/2021","6/11/2023",2441.55,"SUP334920424","P96677758"
"AD440125717","23/3/2022","20/10/2023",2590.4,"SUP132825464","P90537720"
"AD414340888","31/7/2022","22/5/2023",1222.73,"SUP132315598","P92146041"
"AD074703825","4/3/2021","1/7/2023",1254.48,"SUP176933531","P77711784"
"AD303365429","30/10/2022","10/11/2023",1879.34,"SUP256273530","P15957424"
"AD087494897","31/10/2021","27/2/2023",1094.35,"SUP227734170","P50505190"
"AD484075383","7/3/2021","11/7/2023",344.57,"SUP155467998","P18919292"
"AD616494468","20/9/2022","17/6/2023",1885.54,"SUP714146417","P54574264"
"AD695452807","16/12/2021","28/8/2023",1537.92,"SUP325358843","P22744492"
"AD786548463","12/7/2021","18/2/2023",2060.03,"SUP840378313","P52756652"
"AD751943681","28/12/2021","2/4/2023",1054.66,"SUP926577248","P28441437"
"AD962299660","8/9/2022","14/6/2023",2506.32,"SUP280438548","P74774577"
"AD868123924","26/11/2022","9/11/2023",2750.75,"SUP146303725","P32414713"
"AD180206086","29/1/2021","28/1/2024",790.2,"SUP313562672","P73414988"
"AD050074653","5/7/2022","5/1/2023",2280.03,"SUP289814149","P58474530"
"AD188059571","28/3/2022","3/11/2023",1511.5,"SUP155078486","P13263309"
"AD225424509","3/1/2022","27/9/2023",737.17,"SUP820077324","P55206620"
"AD218326752","20/1/2021","10/11/2023",1547.3,"SUP656913471","P59852909"
"AD193111541","16/7/2021","7/1/2024",1308.71,"SUP122284583","P10107240"
"AD737288136","10/7/2022","27/6/2023",2408.09,"SUP156300936","P75588213"
"AD539821265","16/11/2021","1/6/2023",406.02,"SUP172597346","P76303988"
"AD693281926","4/11/2021","24/6/2023",2280.98,"SUP117295279","P33452207"
"AD975275809","25/11/2022","12/5/2023",887.11,"SUP130095879","P86711759"
"AD468390818","1/6/2021","25/6/2023",345.83,"SUP229604884","P75766182"
"AD806468913","8/11/2022","16/2/2023",858.84,"SUP424904370","P52756652"
"AD646852542","15/4/2021","20/2/2024",560.89,"SUP185486546","P82814085"
"AD060895432","21/11/2022","20/12/2023",1255.57,"SUP136665271","P42441115"
"AD234027505","17/7/2021","24/6/2023",640.4,"SUP129224270","P65741732"
"AD883188253","26/9/2022","3/2/2024",2643.65,"SUP151805265","P86402575"
"AD735571630","12/1/2022","8/2/2024",1430.92,"SUP270987025","P30551375"
"AD679959647","28/7/2022","6/8/2023",2306.07,"SUP228032136","P33822408"
"AD571981769","18/3/2021","9/10/2023",2452.32,"SUP163462750","P51502320"
"AD956193364","14/1/2022","4/11/2023",386.58,"SUP106937126","P98733463"
"AD708144936","9/10/2022","22/5/2023",585.77,"SUP200579943","P71694575"
"AD625899519","5/1/2021","25/9/2023",944.61,"SUP135411427","P32532492"
"AD518232665","11/2/2021","19/5/2023",686.81,"SUP292038086","P83352663"
"AD358950845","1/8/2021","1/6/2023",272.86,"SUP714146417","P19675735"
"AD211692131","27/3/2022","27/1/2024",1356.24,"SUP185486546","P56907959"
"AD906118031","22/2/2022","2/12/2023",185.2,"SUP840587209","P31449565"
"AD965251479","18/12/2022","2/7/2023",1724.05,"SUP828561200","P75853556"
"AD381970732","11/8/2022","7/11/2023",2195.42,"SUP151805265","P16422655"
"AD528153200","1/4/2022","12/1/2023",807.43,"SUP840378313","P31833418"
"AD955929889","17/7/2021","6/1/2024",2034.58,"SUP892567108","P38345562"
"AD279229471","25/4/2021","1/7/2023",907.62,"SUP926577248","P48296294"
"AD285839147","22/9/2022","11/5/2023",1043.04,"SUP191864249","P19197874"
"AD554219355","20/8/2022","5/2/2024",2626.95,"SUP121271196","P77561744"
"AD138473580","27/10/2022","10/6/2023",2339.66,"SUP840378313","P89142641"
"AD278540423","16/6/2021","23/6/2023",2182.03,"SUP293268870","P83352663"
"AD225610873","19/4/2021","3/1/2023",1003.46,"SUP853255224","P21268228"
"AD090840362","26/2/2021","1/8/2023",1261.75,"SUP840587209","P13981213"
"AD867434847","24/3/2022","21/7/2023",538.83,"SUP159407557","P85487175"
"AD706954906","3/4/2021","9/12/2023",1972.28,"SUP173547559","P39199819"
"AD318350850","4/4/2021","25/1/2024",828.55,"SUP206423067","P13972659"
"AD652397608","9/3/2022","25/2/2024",649.73,"SUP214873042","P34139616"
"AD086887908","28/5/2022","17/6/2023",1263.5,"SUP131406229","P81111129"
"AD313269241","7/2/2022","17/12/2023",1917.38,"SUP131299122","P61269087"
"AD030682015","28/9/2021","15/11/2023",2877.02,"SUP287888056","P14671093"
"AD344383726","13/2/2022","24/5/2023",2973.81,"SUP232333075","P63431602"
"AD905937659","27/10/2021","8/1/2023",18.44,"SUP840378313","P46637021"
"AD525465448","16/5/2021","31/3/2023",415.41,"SUP202756351","P47241676"
"AD073797411","1/2/2021","6/5/2023",334.09,"SUP576154144","P47241676"
"AD196677867","18/6/2021","19/9/2023",88.83,"SUP132254606","P28441437"
"AD931843582","12/12/2022","22/1/2023",2662.66,"SUP151805265","P45586681"
"AD215715161","23/8/2022","31/10/2023",2634.63,"SUP136871057","P78367641"
"AD809982663","26/2/2022","18/6/2023",1403.1,"SUP288993955","P82906066"
"AD493077497","29/3/2021","9/6/2023",2259.8,"SUP303200139","P93426015"
"AD396788843","10/1/2022","12/8/2023",1209.2,"SUP122284583","P65451355"
"AD572571934","19/7/2021","12/8/2023",1458.15,"SUP232115291","P79519988"
"AD260312391","1/1/2021","17/4/2023",1855.73,"SUP160985008","P63203803"
"AD978976988","20/5/2022","29/5/2023",1739.68,"SUP267200255","P22254190"
"AD047683466","7/10/2022","27/10/2023",2481.87,"SUP183296109","P46102483"
"AD449625364","3/2/2021","17/2/2023",1936.18,"SUP576154144","P70205893"
"AD579016740","4/9/2022","5/3/2024",1180.66,"SUP334920424","P69461901"
"AD038973448","8/5/2022","6/3/2024",1712.55,"SUP262728222","P56993765"
"AD767994740","24/4/2021","23/11/2023",1488.4,"SUP272155500","P94334727"
"AD235751832","4/10/2022","22/2/2023",1591.14,"SUP290451107","P32527331"
"AD152656911","1/4/2021","19/5/2023",1816.39,"SUP100395220","P55206620"
"AD858656902","16/1/2021","8/7/2023",1668.34,"SUP204457471","P59757555"
"AD852274791","3/6/2022","27/2/2024",788.4,"SUP186921538","P69461901"
"AD401140007","22/4/2021","31/1/2024",559.45,"SUP284008125","P14671093"
"AD818583787","24/2/2021","31/7/2023",867.9,"SUP142663161","P74774577"
"AD789234210","23/4/2022","24/10/2023",2087.83,"SUP228032136","P51373352"
"AD371509791","16/8/2022","6/2/2024",1324.74,"SUP398474325","P21669181"
"AD833644800","22/7/2021","5/2/2023",2800.49,"SUP274260887","P37231300"
"AD534587155","13/8/2021","27/12/2023",2567.19,"SUP290451107","P52784962"
"AD988776731","8/3/2022","11/7/2023",2582.7,"SUP216261676","P37294983"
"AD410708448","15/4/2021","20/2/2024",1294.81,"SUP267200255","P69461901"
"AD424408353","17/11/2021","27/8/2023",457.29,"SUP337535546","P28441437"
"AD672957615","9/1/2022","26/10/2023",2198.6,"SUP609867193","P92615078"
"AD269689991","28/5/2022","25/2/2024",525.65,"SUP151690213","P85472117"
"AD143889687","29/10/2022","24/5/2023",262.23,"SUP155467998","P76573321"
"AD066059577","11/6/2022","12/6/2023",2873.7,"SUP286527883","P11549408"
"AD241430975","25/9/2022","3/10/2023",2703.86,"SUP112214886","P73777011"
"AD895792331","12/5/2022","5/7/2023",612.33,"SUP609867193","P30382608"
"AD715937609","13/12/2022","25/9/2023",2796.78,"SUP201639405","P96677758"
"AD333318356","25/2/2022","6/2/2024",996.11,"SUP274260887","P82906066"
"AD177939330","23/11/2021","2/1/2024",690.41,"SUP695839034","P75853556"
"AD743898581","17/10/2022","19/1/2023",2368.21,"SUP114427716","P11549408"
"AD608763990","27/10/2021","22/7/2023",2464.41,"SUP191864249","P82284372"
"AD200778590","30/7/2021","18/9/2023",1985.61,"SUP259593110","P78217241"
"AD431567195","22/4/2022","24/3/2023",2285.23,"SUP133404992","P23223638"
"AD757908623","11/7/2022","2/11/2023",408.55,"SUP125198230","P66752896"
"AD950142503","17/1/2022","27/1/2023",260.34,"SUP159407557","P33926222"
"AD169126537","12/7/2022","13/4/2023",2375.01,"SUP164456819","P58899446"
"AD680108028","4/7/2022","8/1/2023",1003.62,"SUP273189001","P38683780"
"AD872072922","3/12/2021","6/2/2023",914.98,"SUP265977472","P32897218"
"AD671794039","14/3/2022","14/1/2024",109.89,"SUP141435801","P45199205"
"AD377689686","22/3/2021","22/8/2023",481.6,"SUP820077324","P93426015"
"AD124376684","26/1/2021","16/9/2023",2675.02,"SUP135411427","P67314901"
"AD692838885","24/4/2021","15/6/2023",2657.74,"SUP260762356","P92881101"
"AD955015517","31/3/2022","23/11/2023",2201.69,"SUP131299122","P37616718"
"AD833526382","1/2/2022","9/5/2023",868.58,"SUP129209784","P92792924"
"AD148805586","28/2/2022","27/7/2023",625.14,"SUP151690213","P70557429"
"AD308589364","9/6/2022","12/6/2023",2278.08,"SUP179344382","P30536604"
"AD409990624","7/9/2021","28/5/2023",1244.49,"SUP212326627","P49292258"
"AD182374116","2/11/2022","17/8/2023",868.08,"SUP122284583","P62685206"
"AD707808916","3/11/2021","7/10/2023",2687.74,"SUP179344382","P92792924"
"AD095008502","10/10/2021","26/2/2024",103.29,"SUP155078486","P75766182"
"AD544301412","21/6/2022","18/2/2024",1335.05,"SUP265269126","P82284372"
"AD511065898","14/7/2021","8/6/2023",1198.34,"SUP102667751","P95393997"
"AD759009648","20/2/2021","3/10/2023",963.78,"SUP711474158","P14375300"
"AD537625349","19/7/2021","29/9/2023",2106.71,"SUP609867193","P47789629"
"AD685607787","28/12/2022","26/4/2023",89.31,"SUP330356313","P33926222"
"AD614289853","17/9/2021","14/5/2023",2993.82,"SUP100395220","P61269087"
"AD030342957","5/9/2022","4/2/2023",846.99,"SUP695839034","P75528934"
"AD142056451","3/11/2021","5/11/2023",317.04,"SUP206423067","P47789629"
"AD247720238","25/6/2022","19/6/2023",2699.81,"SUP293926685","P61926913"
"AD366255284","23/2/2022","24/6/2023",2770.86,"SUP892567108","P10593981"
"AD420233219","26/6/2022","20/2/2024",635.87,"SUP512101375","P34297538"
"AD826215537","1/12/2022","23/1/2024",405.65,"SUP130095879","P21444532"
"AD073666913","2/11/2021","25/8/2023",543.63,"SUP114427716","P83389401"
"AD557360027","16/10/2021","29/1/2024",2570.01,"SUP293926685","P53649623"
"AD640360892","4/9/2021","12/7/2023",2003.22,"SUP178309329","P61926913"
"AD780187581","5/1/2022","31/12/2023",521.75,"SUP131406229","P99996011"
"AD565423742","13/11/2022","11/6/2023",1853.74,"SUP125198230","P15957424"
"AD286237175","10/3/2021","1/4/2023",1439.77,"SUP218582517","P67803963"
"AD794668022","21/12/2022","8/5/2023",296.34,"SUP259205684","P45634441"
"AD852489277","9/3/2021","31/1/2024",977.89,"SUP178309329","P85381374"
"AD643687498","19/12/2022","18/1/2023",2611.38,"SUP129224270","P56907959"
"AD310716315","14/12/2021","4/9/2023",2285.32,"SUP229604884","P18156345"
"AD677076170","26/5/2021","27/11/2023",1955.88,"SUP795028826","P81554792"
"AD709138170","9/7/2021","30/4/2023",927.07,"SUP985993581","P83414248"
"AD387372838","11/5/2022","18/10/2023",2618.82,"SUP218582517","P90375591"
"AD670072732","14/8/2021","15/1/2023",2977.44,"SUP179344382","P66314818"
"AD151745669","1/3/2022","29/3/2023",1243.12,"SUP222889906","P80167548"
"AD521998941","4/3/2022","12/8/2023",1099.04,"SUP261309764","P33822408"
"AD974683388","9/5/2022","5/11/2023",42.6,"SUP248372052","P32531909"
"AD973277181","20/12/2021","10/8/2023",2475.99,"SUP243659080","P12852966"
"AD711506619","8/9/2022","3/11/2023",2777.5,"SUP795028826","P67314901"
"AD186814366","18/12/2021","19/7/2023",391.19,"SUP154356472","P91263430"
"AD005036600","9/3/2021","9/9/2023",1408.55,"SUP242348575","P59757555"
"AD983682832","16/6/2021","31/5/2023",657.93,"SUP133509984","P82814085"
"AD215709703","22/5/2022","26/11/2023",2448.15,"SUP262728222","P56508579"
"AD071292012","18/3/2021","12/12/2023",2503.86,"SUP112426010","P25448652"
"AD454385758","21/8/2022","30/3/2023",1150,"SUP278639247","P11549408"
"AD486350176","4/12/2022","8/12/2023",2736.64,"SUP938696893","P41945186"
"AD238279876","17/10/2022","19/10/2023",2881.47,"SUP112426010","P56729689"
"AD999437291","22/12/2021","6/12/2023",2164.09,"SUP265269126","P74135058"
"AD246643887","11/11/2022","11/6/2023",1464.09,"SUP261309764","P94875199"
"AD825373109","3/1/2021","3/3/2024",2763.1,"SUP264619357","P63569529"
"AD877141501","23/7/2022","27/10/2023",1431.3,"SUP283070800","P10593981"
"AD745737811","3/12/2021","22/2/2024",1943.52,"SUP178275560","P29814122"
"AD972224388","22/2/2022","12/4/2023",615.09,"SUP129209784","P34129019"
"AD567078840","6/3/2021","2/7/2023",1067.03,"SUP423480280","P50372459"
"AD320122515","30/8/2022","19/4/2023",455.26,"SUP203374023","P32339443"
"AD602011404","4/5/2021","7/2/2024",1393.47,"SUP926577248","P10499890"
"AD252221417","12/12/2022","14/5/2023",2284.42,"SUP232333075","P49439033"
"AD259325039","19/3/2021","31/8/2023",2262.71,"SUP284017038","P31652354"
"AD461172223","16/5/2022","24/10/2023",1717.5,"SUP391286527","P32532492"
"AD202979385","27/11/2021","17/8/2023",1959.57,"SUP156300936","P23885151"
"AD798122372","31/1/2022","29/2/2024",1823.11,"SUP209531516","P30241270"
"AD425369200","11/4/2021","29/6/2023",1952.9,"SUP195184466","P44116414"
"AD393974178","16/8/2022","14/2/2023",2972.29,"SUP131299122","P22747490"
"AD164417168","3/8/2022","7/9/2023",2542.76,"SUP334406849","P31286465"
"AD464811416","5/10/2022","22/11/2023",231.61,"SUP265269126","P14375300"
"AD372643590","3/10/2021","20/1/2023",2068.56,"SUP130095879","P82479977"
"AD003926612","7/7/2022","19/10/2023",1331.22,"SUP151690213","P40373788"
"AD869012698","3/1/2021","10/6/2023",1597.72,"SUP273951622","P74742032"
"AD087582775","5/5/2021","2/4/2023",2038.39,"SUP112426010","P74822795"
"AD188171273","28/4/2021","14/1/2024",1264.56,"SUP270987025","P31833418"
"AD634070836","19/6/2022","31/10/2023",1284.92,"SUP159126633","P37668288"
"AD917061123","20/7/2022","25/1/2023",1887.77,"SUP241830593","P65451355"
"AD261052956","26/8/2021","10/2/2023",1807.03,"SUP232333075","P29518596"
"AD371512875","21/1/2022","29/12/2023",1406.81,"SUP125198230","P32532492"
"AD159845925","26/4/2021","14/11/2023",830.71,"SUP170232323","P22747490"
"AD674397746","12/5/2022","17/7/2023",1576.65,"SUP173547559","P37616718"
"AD985989304","1/12/2021","6/8/2023",415.35,"SUP303200139","P70177835"
"AD565866997","28/10/2022","24/6/2023",1116.69,"SUP273189001","P70523514"
"AD423706677","18/1/2022","11/6/2023",1948.6,"SUP155467998","P77815560"
"AD153605559","21/9/2021","8/1/2023",78.52,"SUP173547559","P90532134"
"AD092040863","29/8/2021","12/2/2023",967.46,"SUP155078486","P38345562"
"AD537999005","4/9/2021","15/5/2023",1303.61,"SUP945668282","P70177835"
"AD643164548","24/10/2022","11/9/2023",239.29,"SUP668506718","P56729689"
"AD184273661","21/1/2021","29/1/2023",1637.55,"SUP258163777","P61141902"
"AD549699999","19/3/2021","21/1/2024",269.8,"SUP216261676","P53649623"
"AD218866549","3/7/2022","7/6/2023",2654.6,"SUP232333075","P37161903"
"AD899717413","20/3/2021","26/7/2023",13.05,"SUP588129541","P81392925"
"AD784837052","2/7/2022","20/6/2023",2376.72,"SUP159432385","P47602968"
"AD738632103","7/2/2022","17/5/2023",246.64,"SUP272155500","P51338421"
"AD225788308","26/7/2021","22/9/2023",2863.03,"SUP260909455","P25517310"
"AD054554467","1/7/2022","1/7/2023",610.3,"SUP391286527","P76303988"
"AD586828513","2/1/2022","7/4/2023",1190.39,"SUP133235870","P97429604"
"AD314013874","23/9/2021","3/8/2023",2203.43,"SUP113427036","P83352663"
"AD958898313","6/5/2021","27/1/2024",2099,"SUP760221969","P34169033"
"AD129632181","14/1/2021","7/2/2023",417.24,"SUP273951622","P61141902"
"AD285855322","21/1/2021","24/10/2023",2914.19,"SUP144153284","P42945843"
"AD151665752","6/3/2021","13/11/2023",2291.64,"SUP853255224","P20674547"
"AD083974521","28/1/2021","20/7/2023",112.27,"SUP178275560","P80579957"
"AD749757465","26/1/2022","13/9/2023",2007.12,"SUP588129541","P81392925"
"AD556249425","29/5/2021","22/5/2023",2417.48,"SUP424904370","P45936394"
"AD756324335","30/9/2021","13/8/2023",776.13,"SUP100395220","P37616718"
"AD970619773","6/11/2021","25/12/2023",571.31,"SUP303365953","P92217517"
"AD204852922","12/4/2022","10/6/2023",1541.67,"SUP218582517","P38341000"
"AD307803113","24/5/2021","27/11/2023",892.24,"SUP121271196","P61141902"
"AD201540126","3/7/2022","29/1/2023",2857.26,"SUP132315598","P62744404"
"AD707201482","23/9/2021","1/10/2023",1779.09,"SUP338902121","P78289944"
"AD731698324","17/11/2021","27/7/2023",45.22,"SUP195184466","P95476550"
"AD201528925","6/7/2021","7/7/2023",1928.5,"SUP330356313","P44213668"
"AD835703717","13/9/2022","1/4/2023",838.54,"SUP198078780","P53155264"
"AD726065874","7/2/2022","4/4/2023",1160.48,"SUP588129541","P82514309"
"AD192745221","29/3/2022","5/8/2023",203.9,"SUP273189001","P17981239"
"AD610768066","16/7/2022","20/10/2023",1728.23,"SUP142524398","P98273360"
"AD590178205","13/2/2022","15/10/2023",2390.34,"SUP290451107","P92881101"
"AD001445543","3/6/2022","27/2/2024",378.64,"SUP273951622","P86344845"
"AD084459421","8/7/2021","22/1/2024",2464.68,"SUP284008125","P24518204"
"AD800308052","13/10/2021","24/5/2023",995.25,"SUP289814149","P44423881"
"AD497357670","1/8/2021","28/7/2023",503.1,"SUP125198230","P57533522"
"AD084872757","16/2/2021","30/10/2023",2995.78,"SUP191864249","P15397235"
"AD231287325","23/1/2022","15/12/2023",846.54,"SUP324870003","P10188164"
"AD910371153","27/2/2022","14/9/2023",2019.94,"SUP262728222","P75588213"
"AD371011212","17/2/2022","7/8/2023",1487.76,"SUP656913471","P59852909"
"AD421728321","3/3/2022","19/1/2023",48.22,"SUP294192046","P90263233"
"AD070433529","29/11/2021","25/8/2023",2845.87,"SUP183296109","P45507004"
"AD723269474","16/2/2022","25/5/2023",771.4,"SUP297518437","P52957471"
"AD166970018","11/8/2021","15/8/2023",1086.64,"SUP164456819","P13745599"
"AD287003087","26/9/2022","4/2/2023",2536.47,"SUP512101375","P46306612"
"AD653566426","15/8/2022","31/7/2023",1174.48,"SUP287888056","P69127521"
"AD109134844","8/5/2022","12/9/2023",1031.94,"SUP198135621","P16916593"
"AD593524447","13/1/2022","12/10/2023",1326.37,"SUP334920424","P92929889"
"AD847508353","18/9/2022","22/6/2023",1457.36,"SUP191089540","P32527331"
"AD162042611","22/7/2022","1/12/2023",2774.61,"SUP275620523","P89573496"
"AD169175173","12/3/2021","16/2/2023",2807.08,"SUP609867193","P20674547"
"AD419482085","18/4/2022","20/11/2023",543.24,"SUP178275560","P39826195"
"AD431719894","4/1/2022","30/4/2023",777.99,"SUP260054113","P39294219"
"AD835471999","7/8/2022","1/2/2023",336.16,"SUP256273530","P36928752"
"AD986148719","17/12/2022","15/10/2023",1077.05,"SUP689350546","P94819787"
"AD128234890","30/12/2021","1/3/2024",741.25,"SUP581298570","P22459254"
"AD669886028","23/11/2022","20/12/2023",2994.2,"SUP313562672","P28441437"
"AD233908822","26/5/2021","19/11/2023",675.61,"SUP212326627","P12478111"
"AD240068669","11/10/2022","1/7/2023",498.21,"SUP272155500","P31286465"
"AD207741855","26/9/2022","1/4/2023",590.51,"SUP122284583","P89314961"
"AD239756615","18/12/2022","20/2/2023",736.45,"SUP107618171","P37616718"
"AD005188113","25/1/2021","6/2/2023",2739.82,"SUP581298570","P83352663"
"AD949646245","27/12/2021","27/12/2023",667.16,"SUP159126633","P27801967"
"AD702815642","5/7/2021","23/8/2023",1179.23,"SUP270987025","P24968444"
"AD002212807","15/2/2022","14/8/2023",1608.37,"SUP121271196","P92722397"
"AD544085251","5/7/2022","3/3/2023",77.37,"SUP212326627","P94334727"
"AD621119171","27/1/2022","9/12/2023",2372.17,"SUP214873042","P75537732"
"AD554102016","20/11/2022","3/7/2023",1025.52,"SUP512101375","P94334727"
"AD779695082","2/7/2021","8/8/2023",926.85,"SUP198955567","P13867118"
"AD982473523","31/3/2022","17/3/2023",2173.67,"SUP334406849","P75463073"
"AD994573155","24/10/2022","31/12/2023",2486.37,"SUP337535546","P63223251"
"AD500029154","1/7/2021","25/10/2023",1441.7,"SUP203120380","P39294219"
"AD079808453","25/12/2022","4/1/2024",600.44,"SUP120465025","P75537732"
"AD822959205","15/7/2021","16/5/2023",28.85,"SUP122284583","P63203803"
"AD157340781","23/8/2022","21/2/2023",2473.91,"SUP760221969","P48287238"
"AD840806214","18/2/2021","5/7/2023",2058.44,"SUP151971428","P70557429"
"AD003227902","25/11/2021","30/6/2023",207.53,"SUP133509984","P41232863"
"AD282226577","27/6/2021","20/2/2024",18.68,"SUP122284583","P58899446"
"AD019222265","31/10/2021","30/1/2024",2123.35,"SUP100395220","P47789629"
"AD103905478","9/6/2022","12/6/2023",1780.55,"SUP203374023","P16547344"
"AD377307670","26/4/2021","26/9/2023",1552.02,"SUP283070800","P48287238"
"AD764146546","22/8/2021","10/3/2023",2685.37,"SUP256273530","P46306612"
"AD091295794","18/4/2022","5/3/2023",770.48,"SUP191089540","P22744492"
"AD832174459","14/2/2022","26/12/2023",2687.64,"SUP249760074","P23223638"
"AD801350968","17/1/2022","5/2/2023",2933.17,"SUP853255224","P23954632"
"AD795039349","31/7/2021","14/1/2023",735.7,"SUP169767088","P50505190"
"AD390843807","2/12/2022","28/5/2023",466.81,"SUP198955567","P99335403"
"AD797206929","5/12/2021","7/3/2023",2500.67,"SUP151805265","P81375409"
"AD426186464","14/7/2021","27/2/2023",1780.5,"SUP201639405","P11281448"
"AD261892833","21/2/2022","19/10/2023",1359.11,"SUP206423067","P70177835"
"AD478170311","8/7/2022","7/10/2023",327.02,"SUP242348575","P92803982"
"AD574125326","19/6/2022","28/12/2023",2249.86,"SUP133404992","P13745599"
"AD158783961","10/1/2022","4/4/2023",2021.2,"SUP286527883","P53133956"
"AD438483762","31/8/2022","6/2/2024",1791.87,"SUP290964838","P67314901"
"AD196761392","5/9/2021","26/8/2023",2478.62,"SUP294192046","P98612339"
"AD223717080","31/3/2022","28/3/2023",140.84,"SUP280438548","P14744963"
"AD892529394","13/12/2022","12/2/2024",2993.03,"SUP176933531","P37369153"
"AD277537554","14/6/2021","27/1/2023",1197.57,"SUP272769681","P74742032"
"AD840345066","15/10/2021","6/12/2023",2205.95,"SUP280438548","P68152097"
"AD833909126","16/1/2022","4/5/2023",1215.53,"SUP135710883","P16422655"
"AD867463429","6/11/2021","4/9/2023",1630.86,"SUP121271196","P56248922"
"AD412019121","12/11/2021","13/6/2023",2675.67,"SUP985993581","P59867097"
"AD800832145","10/1/2021","9/6/2023",733.33,"SUP293268870","P85472117"
"AD148358473","5/9/2022","22/2/2024",1496.14,"SUP131406229","P32527331"
"AD851642332","4/6/2021","19/1/2024",2300.83,"SUP160985008","P27499095"
"AD236710207","23/8/2022","10/1/2023",603.39,"SUP132315598","P36933022"
"AD836785105","13/5/2022","20/4/2023",48.3,"SUP209531516","P18156345"
"AD486508356","18/10/2021","5/4/2023",45.57,"SUP339148131","P17981239"
"AD965806946","7/2/2021","25/12/2023",89.53,"SUP224448032","P23885151"
"AD613798416","19/6/2021","20/5/2023",1166.94,"SUP292038086","P15658644"
"AD981519661","11/7/2021","27/1/2024",506.93,"SUP160985008","P47109983"
"AD197225758","3/2/2021","29/12/2023",589.08,"SUP322365865","P97429604"
"AD695609985","26/3/2021","4/1/2023",2043.76,"SUP695839034","P67139054"
"AD924206886","28/8/2021","4/10/2023",832.65,"SUP122284583","P57427090"
"AD297938248","15/11/2021","11/5/2023",1363.64,"SUP293268870","P72391139"
"AD493181040","15/3/2022","17/3/2023",1153.87,"SUP113427036","P18156345"
"AD327769039","1/11/2021","2/3/2023",2332.8,"SUP129209784","P47988011"
"AD432263137","3/5/2021","6/11/2023",2841.36,"SUP133404992","P74135058"
"AD819990478","6/11/2022","1/9/2023",1603.33,"SUP212326627","P75588213"
"AD425909717","7/8/2022","5/1/2023",1887.3,"SUP170232323","P92792924"
"AD369805207","7/10/2022","7/1/2023",2308.34,"SUP191864249","P99842537"
"AD319462250","19/3/2022","20/6/2023",2404.26,"SUP330356313","P15499527"
"AD618323271","12/10/2022","3/2/2024",2695.16,"SUP265269126","P53438658"
"AD796368874","25/10/2021","2/9/2023",958.94,"SUP303365953","P51502320"
"AD213042027","21/12/2021","4/4/2023",1151.82,"SUP274260887","P34701889"
"AD213123105","16/6/2021","13/1/2024",2896.9,"SUP164456819","P62536520"
"AD134759416","15/5/2021","17/1/2024",2808.21,"SUP136871057","P94622945"
"AD555700608","25/12/2021","15/4/2023",2938.38,"SUP303200139","P36933022"
"AD015574814","24/12/2022","18/8/2023",1648.81,"SUP169767088","P62685206"
"AD371708088","18/11/2022","5/10/2023",2914.31,"SUP853255224","P78217241"
"AD163994974","24/3/2021","22/2/2024",1956.43,"SUP260762356","P59867097"
"AD438196780","2/11/2021","21/2/2024",1168.34,"SUP183296109","P63223251"
"AD342988876","10/9/2021","30/3/2023",1055.88,"SUP293268870","P81392925"
"AD065422484","14/8/2022","7/2/2023",2297.54,"SUP335813809","P38753116"
"AD802380943","17/11/2021","4/7/2023",2441.02,"SUP146303725","P59757555"
"AD779315065","20/6/2021","13/6/2023",2050.7,"SUP154356472","P70523514"
"AD500256027","9/3/2022","16/2/2023",254.91,"SUP218950278","P16574244"
"AD943830791","21/2/2022","23/1/2023",2981.75,"SUP136665271","P40447819"
"AD450341729","21/6/2021","26/1/2023",1211.05,"SUP204457471","P78289944"
"AD333540159","16/12/2021","16/12/2023",1707.25,"SUP259593110","P37616718"
"AD593240749","5/5/2022","1/5/2023",1645.3,"SUP938696893","P16547344"
"AD189749374","22/12/2021","26/8/2023",1478.65,"SUP133509984","P98984468"
"AD080177783","9/2/2021","31/8/2023",559.52,"SUP125198230","P69882716"
"AD724263798","12/4/2021","30/5/2023",2434.75,"SUP151805265","P38341000"
"AD532549183","17/8/2021","3/8/2023",1264.74,"SUP443090128","P80167548"
"AD058366939","8/4/2022","19/2/2023",2012.07,"SUP337535546","P46102483"
"AD669505870","4/8/2022","23/2/2023",1865.64,"SUP158785898","P56426674"
"AD637559215","1/5/2021","14/2/2023",2850.2,"SUP251586871","P54232862"
"AD199612821","8/9/2022","17/7/2023",1165.93,"SUP198135621","P18539192"
"AD260693970","2/1/2021","5/9/2023",165.53,"SUP198078780","P96472289"
"AD525099159","21/1/2021","18/1/2024",2412.29,"SUP272155500","P21669181"
"AD138709788","13/9/2022","22/12/2023",2500.7,"SUP261123843","P67314901"
"AD368692482","27/11/2022","4/1/2024",2496.39,"SUP113427036","P47241676"
"AD962099791","27/1/2022","18/5/2023",799.58,"SUP938696893","P47165693"
"AD553943011","2/8/2021","3/10/2023",2201.68,"SUP243659080","P45634441"
"AD202315705","1/2/2022","3/2/2023",2157.64,"SUP584400435","P32531909"
"AD394371549","7/7/2022","11/10/2023",2646.16,"SUP251586871","P90702913"
"AD267629812","16/4/2022","25/3/2023",2944.41,"SUP136871057","P42146558"
"AD645127355","23/2/2022","8/11/2023",2465.58,"SUP391286527","P37558138"
"AD344454722","21/9/2022","18/1/2024",2653.61,"SUP656913471","P32532492"
"AD527711063","15/12/2022","1/10/2023",1782.35,"SUP186921538","P39199819"
"AD237658021","5/12/2022","16/2/2023",2732.3,"SUP209531516","P79397801"
"AD525946857","4/6/2022","28/5/2023",1063.36,"SUP164456819","P74135058"
"AD883870554","4/2/2022","11/2/2023",2151.55,"SUP290964838","P66752896"
"AD220481236","2/9/2022","7/6/2023",2296.71,"SUP224698208","P91772057"
"AD822298175","11/2/2021","21/12/2023",448.66,"SUP201639405","P81375409"
"AD233213339","20/11/2022","8/11/2023",433.45,"SUP258163777","P61449978"
"AD580251362","14/11/2022","25/10/2023",479.82,"SUP258163777","P87978600"
"AD158384561","10/11/2022","26/7/2023",1425.22,"SUP166618280","P71694575"
"AD591326128","27/7/2022","10/2/2023",2863.76,"SUP159126633","P93464793"
"AD793485937","18/2/2022","21/6/2023",1032.26,"SUP141435801","P99842537"
"AD651496144","11/7/2022","27/1/2023",2256.79,"SUP945668282","P39199819"
"AD803919236","2/9/2021","2/5/2023",805.26,"SUP289814149","P22459254"
"AD157466131","4/8/2021","30/12/2023",448.37,"SUP584400435","P10188164"
"AD957629138","10/3/2022","14/6/2023",567.36,"SUP229604884","P32339443"
"AD631846895","7/6/2021","18/5/2023",2011.17,"SUP182315671","P39731603"
"AD425957627","26/3/2021","12/6/2023",816.02,"SUP146303725","P32662825"
"AD825300816","31/5/2021","31/10/2023",790.87,"SUP201639405","P70177835"
"AD319651500","3/1/2022","4/6/2023",2647.05,"SUP144153284","P96677758"
"AD898971849","19/12/2021","1/8/2023",1593.54,"SUP206423067","P22254190"
"AD082467907","2/12/2021","3/4/2023",1360.35,"SUP313562672","P28441437"
"AD650069304","3/2/2021","7/1/2023",2543.92,"SUP272769681","P19197874"
"AD062466101","25/1/2022","13/10/2023",2310.3,"SUP228032136","P11281448"
"AD242475004","12/2/2022","7/3/2024",2821.47,"SUP102667751","P44696854"
"AD653997806","9/10/2021","29/7/2023",1457.54,"SUP313562672","P13867118"
"AD991920294","25/10/2021","10/9/2023",2612.59,"SUP195739214","P65451355"
"AD905018001","28/1/2021","23/1/2024",893.43,"SUP188795951","P37952537"
"AD433497274","15/10/2021","6/7/2023",850.64,"SUP840587209","P75537732"
"AD575582145","12/12/2021","30/7/2023",1013.43,"SUP121271196","P62685206"
"AD793416849","2/10/2021","5/5/2023",1586.08,"SUP260054113","P56907959"
"AD638565623","10/7/2022","23/8/2023",1187.15,"SUP136665271","P90532134"
"AD827704864","13/4/2022","25/11/2023",179.09,"SUP136665271","P44114070"
"AD005126331","16/3/2021","3/8/2023",1257.97,"SUP134982297","P90925914"
"AD011372406","1/4/2021","7/12/2023",2256.06,"SUP154356472","P52204796"
"AD276621798","13/7/2021","18/9/2023",1788.28,"SUP576154144","P70557429"
"AD918272507","28/12/2022","17/12/2023",406.03,"SUP157544725","P47789629"
"AD195581978","16/12/2021","4/3/2024",1989.06,"SUP129209784","P40447819"
"AD931368594","21/12/2021","8/1/2023",1166.95,"SUP121271196","P15397235"
"AD692742667","11/3/2021","27/1/2023",2727.88,"SUP222889906","P13745599"
"AD989025799","24/10/2021","9/1/2023",1531.29,"SUP169767088","P88568858"
"AD242500839","11/1/2022","1/1/2023",2233.34,"SUP170232323","P45586681"
"AD826342569","6/5/2021","22/1/2023",246.14,"SUP112426010","P15397235"
"AD261856776","25/2/2021","12/6/2023",1795.39,"SUP668506718","P60205815"
"AD777523028","5/8/2021","26/8/2023",1937.36,"SUP241058304","P10499890"
"AD211645016","14/11/2022","5/2/2023",1421.19,"SUP288993955","P42146558"
"AD284724911","26/7/2022","30/10/2023",1735.27,"SUP261309764","P46931127"
"AD280467385","4/11/2022","30/5/2023",2025.79,"SUP212326627","P29264607"
"AD841530646","8/5/2022","21/6/2023",2034.02,"SUP141435801","P96472289"
"AD295381329","20/9/2021","7/2/2023",1898.95,"SUP292038086","P14953289"
"AD829598807","13/9/2021","12/1/2023",2301.5,"SUP656913471","P41388769"
"AD918736954","2/3/2021","22/9/2023",434.64,"SUP142524398","P66191469"
"AD299093877","2/1/2022","20/4/2023",1319.2,"SUP689350546","P65741732"
"AD004447247","16/11/2021","16/3/2023",2717.9,"SUP135710883","P92792924"
"AD895478489","6/5/2021","25/4/2023",1492.96,"SUP203120380","P16916593"
"AD300503679","4/2/2021","23/6/2023",2046.7,"SUP338902121","P50833741"
"AD683102962","3/3/2021","13/3/2023",2007.24,"SUP136871057","P10458194"
"AD287760417","22/7/2022","31/10/2023",927.2,"SUP151805265","P51502320"
"AD485999971","11/4/2022","20/12/2023",2180.4,"SUP179344382","P16422655"
"AD826443901","28/1/2022","9/4/2023",922.89,"SUP218950278","P63203803"
"AD102333824","4/2/2021","9/10/2023",1541.28,"SUP795028826","P94334727"
"AD375539221","13/12/2022","2/2/2023",2079.92,"SUP337535546","P73414988"
"AD542334029","21/7/2022","30/9/2023",2655.16,"SUP391286527","P38535158"
"AD216762562","6/2/2021","23/8/2023",949.86,"SUP224698208","P92929889"
"AD057793565","8/7/2021","10/1/2024",321.28,"SUP203120380","P10603435"
"AD005403828","30/11/2022","16/11/2023",2165.03,"SUP216261676","P58591848"
"AD659770907","9/8/2021","11/6/2023",2658.05,"SUP229604884","P31652354"
"AD024014611","8/6/2022","2/7/2023",197.68,"SUP463149069","P82479977"
"AD106108224","7/6/2021","9/8/2023",958.92,"SUP212326627","P44213668"
"AD819075737","2/7/2022","17/10/2023",1324.88,"SUP576154144","P95393997"
"AD457887606","26/12/2021","8/9/2023",2150.62,"SUP129209784","P35553822"
"AD774296750","22/2/2022","21/3/2023",2903.54,"SUP289814149","P81392925"
"AD074587330","21/9/2022","6/9/2023",2693.89,"SUP142663161","P37294983"
"AD438820386","13/9/2022","30/4/2023",1253.41,"SUP129224270","P31833418"
"AD849916021","27/8/2021","1/12/2023",1738.49,"SUP273951622","P82284372"
"AD239121762","18/4/2022","18/4/2023",1239.68,"SUP142663161","P10668278"
"AD819004324","7/4/2021","3/12/2023",2763.85,"SUP261123843","P21669181"
"AD719547729","1/11/2022","25/2/2023",1942.07,"SUP423480280","P44213668"
"AD169540906","20/1/2021","12/2/2023",149.29,"SUP107618171","P13972659"
"AD494328321","23/1/2021","9/2/2023",191.45,"SUP129209784","P75304280"
"AD639413646","3/10/2022","14/5/2023",1078.61,"SUP273189001","P59867097"
"AD736270146","25/6/2021","25/5/2023",1362.49,"SUP339148131","P83414248"
"AD220755115","20/10/2021","27/11/2023",2487.29,"SUP198955567","P13867118"
"AD886851590","5/11/2022","12/12/2023",2289.32,"SUP711474158","P80599323"
"AD980777061","7/6/2022","5/3/2024",949.72,"SUP156300936","P98273360"
"AD456639066","29/1/2022","23/10/2023",2218.24,"SUP293926685","P46386620"
"AD923513656","23/6/2022","16/10/2023",2032.04,"SUP297518437","P69694346"
"AD501552590","14/12/2022","9/2/2023",2718.45,"SUP113427036","P37369153"
"AD554198880","13/9/2021","16/3/2023",2701.78,"SUP284017038","P91404938"
"AD289772619","17/5/2021","28/7/2023",958.83,"SUP576154144","P36308399"
"AD418232258","15/2/2022","23/9/2023",215.8,"SUP141435801","P58899446"
"AD250610362","10/2/2022","18/4/2023",218.22,"SUP246730485","P40833003"
"AD250727265","1/12/2021","14/8/2023",2088.76,"SUP265269126","P34701889"
"AD329937806","22/6/2022","30/9/2023",778.44,"SUP247151522","P41232863"
"AD883520886","16/4/2022","5/2/2023",231.79,"SUP338902121","P26594134"
"AD328494951","7/9/2021","26/6/2023",130.13,"SUP287888056","P77923787"
"AD927845460","2/7/2022","24/2/2024",1239.47,"SUP272155500","P57533522"
"AD445818607","4/4/2022","25/4/2023",258.28,"SUP283355172","P17357211"
"AD477719210","10/8/2021","7/2/2024",485.11,"SUP892567108","P66719343"
"AD241257098","29/3/2022","23/2/2023",2124.57,"SUP195184466","P86673349"
"AD825668495","28/2/2022","10/1/2023",2093.91,"SUP158785898","P79519988"
"AD141163271","22/7/2021","15/8/2023",486.06,"SUP695839034","P31886096"
"AD800716223","10/6/2021","13/10/2023",1708.7,"SUP159432385","P17981239"
"AD627243465","13/7/2022","25/11/2023",1445.46,"SUP689350546","P39294219"
"AD536270722","25/2/2021","1/1/2024",2963.82,"SUP656913471","P21669181"
"AD863492369","2/5/2022","1/5/2023",2617.79,"SUP714146417","P85664224"
"AD995373602","26/12/2021","3/9/2023",754.05,"SUP679090552","P48287238"
"AD190385140","6/12/2021","21/12/2023",1700.16,"SUP218950278","P20734556"
"AD995803261","19/1/2021","27/12/2023",1105.13,"SUP102667751","P77413845"
"AD833978908","26/5/2021","4/3/2023",1177.26,"SUP102667751","P39826195"
"AD302841979","21/8/2021","9/9/2023",1303.93,"SUP609867193","P30536604"
"AD095759576","23/6/2022","2/5/2023",456.36,"SUP423480280","P39805594"
"AD291320520","11/3/2021","14/4/2023",662.17,"SUP286527883","P52756652"
"AD129486549","19/3/2021","16/1/2023",20.21,"SUP166618280","P14953289"
"AD401260990","8/11/2022","4/4/2023",213.23,"SUP113427036","P18279428"
"AD228850697","28/6/2022","8/1/2023",777.16,"SUP191089540","P55724094"
"AD547779325","30/7/2022","16/2/2023",2129.15,"SUP182315671","P77413845"
"AD603671998","30/8/2021","23/10/2023",2152.76,"SUP228032136","P96677758"
"AD680111171","10/4/2022","8/1/2023",138.44,"SUP311982157","P51233258"
"AD797674159","21/4/2022","6/12/2023",677.36,"SUP241058304","P11759622"
"AD667489108","3/3/2022","15/10/2023",1439.27,"SUP316833253","P45634441"
"AD071715181","6/5/2022","14/10/2023",1597.24,"SUP227734170","P34701889"
"AD146994633","21/10/2022","30/3/2023",747.82,"SUP337535546","P63223251"
"AD850722420","28/1/2022","26/2/2024",1419.06,"SUP246730485","P77923787"
"AD598123826","19/11/2021","12/2/2023",2999.38,"SUP170232323","P92792924"
"AD717552415","15/8/2022","5/1/2024",68.92,"SUP892567108","P26262802"
"AD629145297","6/8/2021","19/8/2023",2821.94,"SUP840378313","P45936394"
"AD083164915","3/11/2021","13/12/2023",2288.61,"SUP316833253","P98733463"
"AD340130812","12/8/2022","14/12/2023",1981.06,"SUP270987025","P82814085"
"AD628784975","20/11/2022","12/3/2023",1524.12,"SUP133404992","P62685206"
"AD047617474","29/10/2021","24/1/2023",2641.51,"SUP274260887","P92965614"
"AD222120994","18/12/2021","27/6/2023",1768.03,"SUP169767088","P58899446"
"AD012373292","21/9/2021","20/4/2023",359.43,"SUP588129541","P15658644"
"AD490222659","26/9/2021","21/2/2023",2442.44,"SUP159432385","P98273360"
"AD517732606","5/8/2021","12/1/2023",1939.68,"SUP338902121","P13287051"
"AD880640010","26/8/2021","21/4/2023",2959.74,"SUP267200255","P91362711"
"AD120012737","15/4/2022","2/7/2023",2952.75,"SUP334406849","P37294983"
"AD723568446","6/2/2022","1/9/2023",2601.17,"SUP134982297","P66288623"
"AD228176995","15/7/2022","29/8/2023",1883.5,"SUP133235870","P23885151"
"AD465864119","20/11/2021","13/7/2023",35.66,"SUP295630905","P82906066"
"AD982796250","2/2/2021","5/4/2023",86.88,"SUP216261676","P13268949"
"AD938381180","10/11/2021","18/5/2023",2256.4,"SUP273951622","P32383673"
"AD647811603","31/7/2021","21/3/2023",296.51,"SUP272769681","P82284372"
"AD789286907","10/5/2021","17/11/2023",2060.82,"SUP107618171","P28889142"
"AD589972958","27/11/2021","28/11/2023",2444.35,"SUP264619357","P47789629"
"AD056140415","13/1/2021","24/5/2023",1692.03,"SUP391286527","P29264607"
"AD583076797","30/1/2022","26/8/2023",1636.58,"SUP212326627","P98733463"
"AD112465083","22/10/2021","6/1/2023",1308.89,"SUP325358843","P29264607"
"AD712709466","23/4/2022","24/11/2023",2451.75,"SUP695839034","P93352401"
"AD539792904","17/4/2022","12/2/2023",2213.33,"SUP134982297","P33926222"
"AD912250559","17/2/2021","3/1/2024",1329.99,"SUP246730485","P52756652"
"AD766816811","22/9/2021","4/10/2023",687.03,"SUP170232323","P16422655"
"AD300731992","13/10/2022","8/2/2024",1047.18,"SUP156300936","P38683780"
"AD660126148","5/3/2022","1/1/2023",789.87,"SUP100395220","P30841123"
"AD550578234","23/7/2022","24/1/2024",2661.2,"SUP576154144","P70205893"
"AD285757121","27/2/2021","5/10/2023",2392.25,"SUP443090128","P15397235"
"AD894359525","15/12/2022","24/9/2023",86.19,"SUP273189001","P21441091"
"AD665713790","29/7/2021","19/1/2024",2734.48,"SUP488169079","P59867097"
"AD115772275","9/10/2021","12/6/2023",76.4,"SUP191864249","P95573042"
"AD268211670","3/1/2022","30/1/2023",2040.36,"SUP224698208","P32219071"
"AD262684759","24/12/2022","15/7/2023",1023.93,"SUP264619357","P48111266"
"AD629521214","16/9/2022","5/7/2023",2357.4,"SUP198135621","P82814085"
"AD889912945","14/4/2022","15/1/2024",80.82,"SUP262728222","P17981239"
"AD830595561","17/11/2022","13/9/2023",1896.93,"SUP102667751","P29413835"
"AD132779215","22/9/2021","9/7/2023",580.79,"SUP292038086","P93352401"
"AD740407680","21/6/2022","13/12/2023",51.61,"SUP221499522","P10975669"
"AD118646514","11/7/2021","26/7/2023",2495.4,"SUP226432649","P72391139"
"AD415236280","7/5/2022","15/1/2024",1560.33,"SUP305385506","P91362711"
"AD413663520","2/11/2021","12/1/2023",2191.81,"SUP176933531","P14953289"
"AD701881532","21/7/2022","6/1/2024",2432.39,"SUP260909455","P13508452"
"AD107951546","12/8/2022","12/2/2024",871.97,"SUP795028826","P15957424"
"AD963966139","6/10/2022","8/2/2024",2365.71,"SUP246730485","P63223251"
"AD991276976","9/5/2021","24/10/2023",1535.87,"SUP853255224","P17137437"
"AD335215762","18/2/2022","26/3/2023",1710.52,"SUP714146417","P33452207"
"AD764537495","1/4/2021","27/7/2023",1812.19,"SUP133235870","P49965352"
"AD988828357","23/4/2021","20/2/2023",680.74,"SUP284017038","P50641947"
"AD084600605","12/6/2021","27/4/2023",1685.36,"SUP133509984","P87409930"
"AD213000440","12/10/2021","8/9/2023",1616.87,"SUP130095879","P58976509"
"AD910093864","30/11/2022","8/2/2023",2124.92,"SUP178275560","P47172400"
"AD210416528","25/7/2022","7/8/2023",1004.22,"SUP176933531","P98132648"
"AD977825826","9/4/2022","1/4/2023",2695.96,"SUP840587209","P61269087"
"AD470861236","9/4/2022","18/7/2023",16.16,"SUP264619357","P17137437"
"AD548572648","6/7/2022","11/2/2023",2953.47,"SUP359315989","P23969997"
"AD841317177","30/1/2021","19/10/2023",246.54,"SUP339148131","P67314901"
"AD526259226","24/8/2021","7/6/2023",315.45,"SUP274260887","P86344845"
"AD615830256","17/7/2022","22/1/2024",1062.08,"SUP278639247","P94819787"
"AD906358409","19/2/2021","4/5/2023",995.02,"SUP760221969","P27967364"
"AD978943158","12/10/2022","7/3/2023",851.49,"SUP313562672","P13868012"
"AD312837511","20/5/2022","2/3/2024",122.36,"SUP195739214","P61449978"
"AD002880281","1/10/2022","28/10/2023",141.52,"SUP202756351","P32873674"
"AD268288467","29/4/2021","27/5/2023",758.13,"SUP265269126","P88765331"
"AD539294179","23/11/2021","14/11/2023",2071.93,"SUP133404992","P10456729"
"AD019002713","23/12/2021","16/2/2023",2398.3,"SUP260762356","P98612339"
"AD593986743","13/7/2022","24/9/2023",2658.09,"SUP163462750","P47789629"
"AD497361393","1/10/2022","28/12/2023",1767.71,"SUP261123843","P66288623"
"AD121885340","27/8/2022","4/1/2023",507.51,"SUP290451107","P13268949"
"AD056499369","24/3/2022","11/2/2023",313,"SUP443090128","P78367641"
"AD308401092","10/7/2022","4/1/2023",1132.74,"SUP286527883","P79516795"
"AD171814125","25/12/2022","19/2/2023",1440.36,"SUP938696893","P39731603"
"AD272793546","29/10/2022","14/11/2023",1057.7,"SUP216261676","P62423978"
"AD169286176","16/4/2022","1/3/2023",1385.21,"SUP170232323","P20674547"
"AD421574680","17/12/2021","16/12/2023",1017.77,"SUP840587209","P27501243"
"AD316996331","19/10/2021","24/6/2023",969.32,"SUP163462750","P22747490"
"AD649822351","15/5/2022","27/1/2023",2640.9,"SUP159126633","P87409930"
"AD524030075","20/10/2021","25/1/2023",2755.78,"SUP229604884","P41945186"
"AD048608248","4/12/2021","16/4/2023",473.63,"SUP182315671","P63431602"
"AD457940309","27/5/2022","2/2/2024",2009.21,"SUP246839810","P58899446"
"AD859398297","21/7/2022","8/2/2023",2989.69,"SUP209531516","P16547344"
"AD128426783","2/8/2022","7/10/2023",1157.66,"SUP178275560","P46544797"
"AD836082112","17/7/2021","6/2/2023",1931.26,"SUP334406849","P37294983"
"AD463868595","7/8/2022","27/2/2024",1336.08,"SUP142663161","P86711759"
"AD244716033","16/7/2022","20/5/2023",2904.1,"SUP159126633","P48296294"
"AD567402335","21/11/2021","5/1/2024",1499.21,"SUP840378313","P54574264"
"AD887442857","11/6/2021","9/3/2023",2630.62,"SUP155467998","P62744404"
"AD907548785","11/12/2022","13/4/2023",2883.57,"SUP172597346","P68152097"
"AD338119259","8/2/2022","3/10/2023",2428.5,"SUP166618280","P17357211"
"AD317910638","22/2/2021","7/11/2023",2710.56,"SUP391286527","P52784962"
"AD898350774","21/3/2021","12/3/2023",2948.85,"SUP222889906","P86673349"
"AD274073478","29/11/2022","22/1/2024",1812.81,"SUP107618171","P71686912"
"AD698683953","5/4/2021","10/3/2023",2580.86,"SUP131299122","P94668096"
"AD613998964","8/11/2022","31/3/2023",1312.99,"SUP135411427","P49292258"
"AD197454764","7/11/2021","29/5/2023",264.9,"SUP151971428","P46544797"
"AD069026393","16/7/2022","13/11/2023",2968.27,"SUP131406229","P49292258"
"AD860087696","2/12/2022","30/12/2023",208.18,"SUP183296109","P43426627"
"AD929791645","21/5/2022","28/10/2023",2486.93,"SUP290964838","P68152097"
"AD929733511","8/2/2022","31/12/2023",1723.8,"SUP488169079","P32527331"
"AD777360373","24/1/2022","28/7/2023",1171.41,"SUP512101375","P38683780"
"AD571678686","29/9/2022","4/1/2023",1162.14,"SUP313562672","P75518282"
"AD667718469","3/10/2022","29/11/2023",1078.36,"SUP112214886","P36329652"
"AD880237791","11/1/2021","13/12/2023",913.35,"SUP398474325","P29264607"
"AD743879417","17/12/2022","26/10/2023",711.39,"SUP232333075","P53378526"
"AD998734168","6/7/2021","12/11/2023",358.72,"SUP133235870","P38753116"
"AD283661281","5/4/2021","17/8/2023",2270.89,"SUP247151522","P33372053"
"AD981706414","30/3/2021","2/1/2024",772.59,"SUP267200255","P61395791"
"AD499479596","7/9/2022","6/2/2024",2491.99,"SUP295630905","P74135058"
"AD563928293","14/3/2021","19/4/2023",788.56,"SUP130095879","P53426774"
"AD593081559","16/1/2021","16/4/2023",956.73,"SUP284017038","P93477588"
"AD506398405","20/11/2022","1/12/2023",1943.05,"SUP284017038","P36353779"
"AD802922545","28/10/2022","21/9/2023",1697.6,"SUP251725474","P22254190"
"AD401120461","10/10/2022","22/11/2023",1187.82,"SUP259205684","P29264607"
"AD085008473","7/1/2022","26/6/2023",2430.95,"SUP305385506","P75537732"
"AD757044099","15/8/2021","2/7/2023",1016.33,"SUP204457471","P53438658"
"AD375901728","26/10/2022","15/1/2023",1999.1,"SUP170774484","P18279428"
"AD690311783","25/2/2021","10/5/2023",2593.78,"SUP173547559","P36933022"
"AD021730871","27/12/2021","4/6/2023",2807.65,"SUP260054113","P19935373"
"AD809023461","24/11/2022","2/3/2024",740.1,"SUP131299122","P44114070"
"AD147593340","20/11/2021","17/12/2023",1898.49,"SUP290451107","P98273360"
"AD153728124","26/1/2021","9/4/2023",202.75,"SUP241058304","P93171573"
"AD077034639","9/4/2021","9/3/2023",376.22,"SUP287888056","P47112734"
"AD424469013","14/10/2022","29/10/2023",251.28,"SUP260762356","P57533522"
"AD092859851","22/12/2021","11/11/2023",627.95,"SUP584400435","P33719577"
"AD602441398","26/1/2022","24/8/2023",1051.65,"SUP260054113","P90702913"
"AD807490243","13/7/2022","7/12/2023",1887.95,"SUP283355172","P75853556"
"AD786657192","10/5/2022","31/1/2023",2582.4,"SUP656913471","P38535158"
"AD534977875","19/7/2021","21/1/2023",556.8,"SUP391286527","P91263430"
"AD854223485","8/10/2022","2/5/2023",1307.83,"SUP195739214","P60205815"
"AD043572231","3/2/2021","13/11/2023",912.35,"SUP280438548","P45634441"
"AD476805606","9/8/2022","2/12/2023",74.1,"SUP294192046","P29795820"
"AD377563955","3/2/2021","4/11/2023",112.29,"SUP206423067","P13981213"
"AD426190477","14/8/2022","12/11/2023",1250.98,"SUP163462750","P44114070"
"AD246136776","15/7/2022","21/12/2023",1938.91,"SUP151805265","P62744404"
"AD033999683","27/4/2021","23/7/2023",515.79,"SUP316833253","P82479977"
"AD795178689","13/1/2022","17/6/2023",2543.23,"SUP679090552","P36837066"
"AD945658018","1/9/2021","25/5/2023",2488.23,"SUP476888678","P32219071"
"AD701214000","14/6/2022","3/4/2023",1505.67,"SUP207257196","P80123273"
"AD320085215","30/7/2022","13/10/2023",1823.71,"SUP272155500","P69882716"
"AD186089118","16/10/2022","28/8/2023",2097.81,"SUP243659080","P53649623"
"AD975893879","25/3/2022","25/4/2023",1718.3,"SUP179344382","P45626479"
"AD910097898","11/12/2022","14/3/2023",2296.26,"SUP133404992","P95573042"
"AD888616994","12/1/2021","23/2/2024",1708.34,"SUP178309329","P23885151"
"AD281842190","14/2/2021","2/5/2023",122.38,"SUP290451107","P13268949"
"AD040992213","3/5/2021","6/10/2023",1370.78,"SUP689350546","P82814085"
"AD690106243","4/6/2021","26/7/2023",1534.08,"SUP191864249","P16574244"
"AD013972369","14/4/2022","22/2/2024",800.32,"SUP272155500","P58591848"
"AD346784594","22/1/2021","15/6/2023",2084.62,"SUP221499522","P48111266"
"AD619377234","3/8/2021","31/7/2023",1756.82,"SUP102667751","P16547344"
"AD876918611","19/6/2021","27/2/2024",2940.78,"SUP218950278","P13745599"
"AD052723620","20/12/2021","2/5/2023",657.35,"SUP216261676","P63226549"
"AD012151628","3/11/2022","12/10/2023",1290.83,"SUP203374023","P34169033"
"AD317924347","5/3/2022","24/2/2023",161.06,"SUP146303725","P22152660"
"AD233222819","9/1/2021","4/1/2024",209.25,"SUP334406849","P53696947"
