"Product_id","Supplier_id","Product_cost","Quantity"
"P14994695","SUP142524398",221.093707272323,44
"P82479977","SUP512101375",75.3005832672883,91
"P66288623","SUP334406849",278.691623217042,19
"P21441091","SUP156300936",103.603279574659,21
"P38449378","SUP224698208",9.5381915749493,57
"P64188193","SUP160985008",10.1657505940705,12
"P61839389","SUP114427716",137.043063734055,35
"P51373352","SUP945668282",12.3511417034981,85
"P31652354","SUP200579943",250.611931794218,69
"P42441115","SUP107618171",31.670578300826,54
"P74135058","SUP311982157",212.589806929986,17
"P67314901","SUP463149069",205.716452031346,26
"P34701889","SUP584400435",162.854632858258,14
"P57427090","SUP324870003",151.540850333406,92
"P56248922","SUP246839810",181.316675679294,41
"P64927743","SUP303365953",21.6162273895727,11
"P78289944","SUP668506718",72.1161271108466,26
"P79675714","SUP160985008",35.3481154482899,58
"P39199819","SUP259593110",40.0452050086168,81
"P46102483","SUP251586871",326.6793625123,60
"P34139616","SUP267200255",73.910696349047,27
"P37294983","SUP134982297",19.6120911255693,35
"P16574244","SUP227734170",202.594243728746,39
"P48296294","SUP159126633",567.243331605243,92
"P41232863","SUP247151522",224.37897753659,78
"P57427090","SUP443090128",157.647045260947,55
"P75528934","SUP202756351",212.899963463248,21
"P31286465","SUP985993581",172.583636384688,65
"P10458194","SUP288993955",38.359641037855,10
"P23223638","SUP288993955",13.3946315270327,57
"P13972659","SUP131299122",137.011712306656,61
"P62423978","SUP512101375",148.582516428256,16
"P10107240","SUP122284583",97.7048407430509,78
"P82566347","SUP398474325",220.680801429095,19
"P64131670","SUP227734170",14.829221843672,45
"P38683780","SUP191089540",199.371939941661,17
"P60205815","SUP146303725",59.6130934023518,58
"P36992527","SUP136665271",48.1117065765453,78
"P75953482","SUP191089540",53.0168725823115,48
"P49439033","SUP203374023",126.972066955033,31
"P78537269","SUP232333075",14.4417911098411,85
"P40649345","SUP313562672",273.726656860446,19
"P48111266","SUP267200255",78.6559028860892,71
"P17357211","SUP226432649",252.358929598017,74
"P17137437","SUP945668282",79.4576692736137,56
"P62423978","SUP134982297",117.941634341367,23
"P89611215","SUP320400027",15.8096902433946,80
"P45406149","SUP278639247",106.380561910861,72
"P99335403","SUP275620523",88.8058975281827,43
"P46931127","SUP476888678",27.6806112358571,83
"P70126000","SUP154356472",104.385087193582,88
"P19201199","SUP246730485",475.306530878479,28
"P64927743","SUP157544725",21.0267184106712,91
"P49292258","SUP334406849",221.684496854317,31
"P23969997","SUP207257196",47.8767040286402,27
"P80123273","SUP141435801",138.360574550148,60
"P92803982","SUP232115291",7.20172785959858,76
"P32339443","SUP760221969",130.85944537261,61
"P21444532","SUP656913471",192.271685263542,72
"P36381999","SUP218950278",36.8237682002783,46
"P34701889","SUP232115291",162.27134456443,27
"P75304280","SUP155467998",31.025454783454,50
"P70867799","SUP158785898",113.214000396008,74
"P53378526","SUP938696893",235.267208400979,48
"P65741732","SUP251586871",629.887173175157,24
"P53378526","SUP828561200",248.592713025019,58
"P52784962","SUP656913471",311.431226576637,79
"P30241270","SUP232333075",107.233782590088,49
"P90263233","SUP135411427",138.597839902036,83
"P61449978","SUP249760074",56.7294528499311,69
"P99371696","SUP222889906",24.9790741773373,43
"P50372459","SUP985993581",268.688048710513,99
"P37952537","SUP398474325",299.506313395328,27
"P15402604","SUP283070800",38.368559394558,78
"P30683957","SUP286527883",300.4775425078,69
"P34432938","SUP224698208",17.509139236723,44
"P36329652","SUP270987025",24.3971423856793,79
"P31652354","SUP131798677",255.19848369734,63
"P58474530","SUP293268870",17.7761402081307,52
"P16574244","SUP274260887",171.422209462708,82
"P13287051","SUP324870003",158.595401674743,31
"P15957424","SUP106937126",17.955857804013,29
"P89896259","SUP260054113",395.657936263199,56
"P90213319","SUP136871057",17.9589201493175,50
"P49751701","SUP311982157",181.465326074138,23
"P43542510","SUP218582517",120.499754620786,38
"P82479977","SUP290964838",79.427322224973,20
"P56993765","SUP325358843",47.6772898868909,69
"P32855564","SUP176933531",248.099367791028,29
"P66288623","SUP159432385",258.375885044571,90
"P98273360","SUP273189001",205.734837547867,97
"P21121307","SUP198135621",178.352714428299,60
"P14744963","SUP159407557",102.612236445793,98
"P52756652","SUP117295279",585.868651318469,22
"P75853556","SUP284017038",203.237710216358,85
"P73777011","SUP241058304",554.201764168372,15
"P82284372","SUP242348575",189.163050580999,76
"P75766182","SUP226432649",25.1453404345321,53
"P30683957","SUP287888056",299.694309273602,20
"P98612339","SUP280438548",33.7359618727409,28
"P99842537","SUP443090128",82.8492309648658,20
"P14994695","SUP224448032",224.333661663242,72
"P35553822","SUP129209784",20.5291668626675,31
"P89314961","SUP272769681",28.5903181964117,20
"P48785223","SUP679090552",171.244396292318,36
"P32531909","SUP122284583",186.740947114925,11
"P66191469","SUP488169079",306.589727947705,15
"P77923787","SUP260909455",763.377677453341,64
"P86518936","SUP584400435",19.4487533213334,57
"P94819787","SUP689350546",19.7160634823847,37
"P40447819","SUP264619357",15.0812729557027,38
"P77413845","SUP293268870",55.0545660467951,77
"P32928687","SUP423480280",157.189443605222,50
"P69127521","SUP840378313",611.207417333396,14
"P26826691","SUP100395220",58.4330966482493,18
"P22744492","SUP216261676",57.6027665720664,92
"P37952537","SUP293926685",285.77771327887,37
"P27501243","SUP303200139",41.9331991346753,24
"P42441115","SUP303365953",32.9238256090856,69
"P77216116","SUP183296109",206.562732761425,84
"P66191469","SUP423480280",284.589127783629,26
"P14744963","SUP154356472",101.838744493451,70
"P17137437","SUP135710883",83.6365147924674,50
"P58474530","SUP178275560",17.0314894403312,34
"P88568858","SUP191864249",154.266946822383,85
"P15957424","SUP191089540",19.5927949259673,28
"P39294219","SUP275620523",351.712554924406,61
"P10456729","SUP164456819",71.3654211371434,80
"P56248922","SUP169767088",183.751505460061,20
"P51338421","SUP322365865",73.9358004455229,24
"P89117870","SUP182315671",200.291496655832,82
"P75518282","SUP159126633",485.15992881684,97
"P80599323","SUP195184466",145.058489600611,92
"P66752896","SUP985993581",62.164141244042,20
"P27501243","SUP201639405",37.0970860569566,42
"P22152660","SUP288993955",186.407446072397,82
"P77216116","SUP246730485",233.461579960992,32
"P85381374","SUP133235870",230.508246735523,26
"P62423978","SUP290451107",151.693703098775,19
"P58223547","SUP144153284",77.0822734049314,81
"P38683780","SUP132825464",189.269286441165,27
"P57427090","SUP198078780",144.209733308242,33
"P10593981","SUP187257058",107.219320316373,98
"P14375300","SUP146303725",87.6580393915483,59
"P79973603","SUP246730485",657.303185123267,80
"P41388769","SUP273189001",158.484293774608,21
"P82197036","SUP689350546",654.075092455404,89
"P75853556","SUP283355172",187.366087326092,12
"P13287051","SUP136871057",158.705046553049,40
"P17618629","SUP311982157",67.8258262841827,30
"P99996011","SUP125198230",306.696099387508,71
"P92246999","SUP260762356",22.4314292343484,43
"P85381374","SUP322365865",204.902852893177,37
"P22744492","SUP322365865",59.6418551829427,45
"P47988011","SUP157544725",76.8966130253328,35
"P26594134","SUP141435801",108.108911410459,10
"P33729106","SUP293268870",145.355701547678,99
"P84977995","SUP117295279",219.109379130847,30
"P30841123","SUP170232323",82.4089953314025,51
"P38449378","SUP261309764",7.69587620524457,94
"P20674547","SUP218582517",68.8777131407111,44
"P66191469","SUP142663161",260.323283360487,21
"P99789809","SUP155467998",70.0001988723762,22
"P34139616","SUP265977472",63.5974573358145,59
"P52756652","SUP260909455",534.800660362904,73
"P43586219","SUP260762356",199.129515201909,42
"P36381999","SUP241830593",41.0678785805777,33
"P15397235","SUP158785898",177.467139325077,18
"P76951423","SUP129224270",494.70667920955,40
"P29795820","SUP159432385",192.647751401605,75
"P22747490","SUP261309764",124.508021840835,40
"P41914107","SUP284008125",283.217540774204,69
"P32527331","SUP290964838",27.7612632544052,100
"P46544797","SUP892567108",82.4577060961397,32
"P28441437","SUP840378313",255.196384526976,46
"P61449978","SUP222889906",59.8494929608023,83
"P61963665","SUP159126633",219.225441747114,52
"P10456729","SUP207257196",82.1969939053252,28
"P69905259","SUP260909455",641.673030711337,25
"P23969997","SUP242348575",48.1730301713666,48
"P17981239","SUP142663161",269.10622968961,59
"P58223547","SUP261309764",74.060704084124,28
"P54574264","SUP278639247",468.926855193475,13
"P49292258","SUP512101375",232.542900947797,60
"P12478111","SUP423480280",138.429801310917,44
"P62685206","SUP207257196",54.3545655451056,43
"P64131670","SUP195739214",16.0914218401769,38
"P77451807","SUP260054113",297.900837095122,86
"P70557429","SUP200579943",272.928617363156,93
"P91465745","SUP325358843",149.379886302276,63
"P98733463","SUP259205684",26.7452496070554,76
"P17357211","SUP102667751",248.587083013437,98
"P58591848","SUP272155500",299.122414479054,94
"P11732301","SUP151971428",53.4373954717012,62
"P96677758","SUP259593110",30.1507814142565,49
"P41899275","SUP155467998",10.8857202304978,14
"P76573321","SUP334920424",102.706830880645,14
"P89611215","SUP121271196",18.0312380649283,92
"P14994695","SUP261123843",211.410160365636,80
"P91809454","SUP106937126",199.690594181769,26
"P16574244","SUP207257196",178.935382090723,26
"P13782125","SUP265269126",110.37820529765,70
"P36928752","SUP391286527",98.3845036238409,20
"P45626009","SUP151690213",110.688842592827,23
"P91809454","SUP339148131",189.608354725083,42
"P76459907","SUP158785898",159.787104203854,43
"P63226549","SUP294192046",55.9411441694349,73
"P95393997","SUP695839034",216.269396826947,19
"P64188193","SUP324870003",10.6126301024174,47
"P54446208","SUP689350546",559.986878735574,86
"P50372459","SUP154356472",257.156243249242,21
"P33719577","SUP218950278",74.9884510566102,44
"P99842537","SUP248372052",73.4985885859447,68
"P17909696","SUP284008125",407.492234676012,42
"P85235702","SUP275620523",214.96300807526,52
"P95476550","SUP273951622",125.715634371179,20
"P46637021","SUP129224270",587.945426895878,81
"P70867799","SUP711474158",114.102026206356,90
"P56729689","SUP218950278",192.426405733345,13
"P99996011","SUP294192046",312.700120119319,85
"P43426627","SUP287888056",471.981325264224,56
"P23854089","SUP160985008",44.2023840880404,65
"P13868012","SUP203120380",701.515380228259,23
"P99789809","SUP261309764",70.7385504138777,60
"P59867097","SUP339148131",178.38833174157,36
"P64131670","SUP711474158",16.7749057068606,84
"P20154366","SUP264619357",24.7805110716652,58
"P90925914","SUP132825464",115.391097074908,38
"P51502320","SUP100395220",109.757957538904,47
"P32414713","SUP241830593",153.132607827139,28
"P62423978","SUP159432385",137.186980632468,30
"P13867118","SUP313562672",279.573231604296,58
"P71686912","SUP173547559",3.40056677364314,15
"P38449378","SUP303365953",7.28912014589645,78
"P20734556","SUP136871057",144.357661520982,97
"P17357211","SUP209531516",254.613188681559,25
"P23885151","SUP142524398",246.894256513027,82
"P77923787","SUP840378313",813.361097877088,87
"P36992527","SUP251725474",47.0985512040229,71
"P74822795","SUP160985008",124.867461027542,78
"P86575409","SUP272769681",41.9859341339793,39
"P15658644","SUP155078486",229.430478547842,71
"P31652354","SUP209531516",222.216184126337,54
"P17357211","SUP576154144",273.399946217954,77
"P34139616","SUP840587209",62.3385307022215,77
"P81729199","SUP228032136",73.3988442639611,94
"P86518936","SUP136871057",19.3775779878967,61
"P44114070","SUP945668282",86.3936489432529,79
"P62423978","SUP156300936",151.195115108752,51
"P49267362","SUP985993581",87.347605135114,29
"P85472117","SUP202756351",19.5585441354343,90
"P33719577","SUP204457471",74.2226661450171,84
"P70557429","SUP151690213",249.397338012599,49
"P47602968","SUP656913471",17.5232161810726,30
"P42441115","SUP267200255",32.3946596289647,67
"P79973603","SUP185486546",646.938992396253,92
"P42146558","SUP160985008",28.1223761798476,52
"P39826195","SUP187257058",160.027695100022,10
"P78289944","SUP207257196",77.4545683729439,43
"P61395791","SUP136665271",115.866323762435,85
"P58474530","SUP760221969",21.0129928709641,23
"P43586219","SUP159432385",219.933724560896,76
"P91263430","SUP293926685",80.132119522633,57
"P85472117","SUP176933531",23.9916932503211,29
"P36329652","SUP840378313",25.4454234511511,99
"P92881101","SUP280438548",276.486260059047,13
"P17357211","SUP581298570",249.769576410515,13
"P22747490","SUP100395220",114.247884120173,99
"P70177835","SUP476888678",5.02669331573555,74
"P90503710","SUP228032136",32.5657366299508,98
"P95476550","SUP160985008",131.82716898398,90
"P75463073","SUP133235870",105.088948606929,94
"P40833003","SUP714146417",193.849495584006,45
"P57533522","SUP125198230",107.089541031094,26
"P22254190","SUP179344382",86.8840796974506,48
"P75862291","SUP163462750",105.295464548645,68
"P80123273","SUP248372052",173.581716753728,78
"P42146558","SUP218950278",30.9498257705255,18
"P93464793","SUP183296109",550.308101034691,40
"P23885151","SUP273189001",284.044660718871,79
"P56508579","SUP159432385",119.239560627244,50
"P92929889","SUP251725474",88.9649431936471,40
"P41899275","SUP170232323",10.6526181615787,44
"P64884205","SUP136665271",7.55490085968061,82
"P23885151","SUP106937126",235.381467045259,58
"P30536604","SUP221499522",38.8620550898016,47
"P44423881","SUP487469056",22.9552380035917,91
"P13268949","SUP985993581",80.0195667185602,26
"P20154366","SUP221499522",21.5809960648064,86
"P37952537","SUP512101375",296.10181502533,56
"P45626479","SUP155467998",27.1594510791093,62
"P39731603","SUP283355172",216.118261489611,25
"P77815560","SUP107618171",24.8635097216654,24
"P64927743","SUP228032136",21.502974023122,100
"P89896259","SUP247151522",437.048031796007,31
"P61839389","SUP689350546",148.922788937003,17
"P17618629","SUP320400027",72.6265505254256,74
"P59517237","SUP132254606",493.684529635099,79
"P74822795","SUP265269126",100.459046991597,95
"P25517310","SUP284008125",838.383812138915,79
"P53426774","SUP216261676",117.860834763531,14
"P82942731","SUP183296109",377.446907749907,99
"P41388769","SUP159407557",187.131459681524,18
"P33372053","SUP270987025",258.589629589471,40
"P99789809","SUP476888678",69.5973752935771,76
"P37294983","SUP260762356",18.4223143102641,50
"P50505190","SUP288993955",46.6557295146827,41
"P81774707","SUP283355172",78.9319177236905,62
"P47789629","SUP303365953",35.7933046284537,32
"P56426674","SUP248372052",71.5415340336352,91
"P17909696","SUP246730485",374.090724376767,95
"P94668096","SUP267200255",104.657028432269,67
"P41945186","SUP284017038",95.2713433019238,32
"P10107240","SUP320400027",79.9199009180213,34
"P32527331","SUP256273530",23.905368921419,47
"P13569922","SUP198955567",43.8372183307008,39
"P14953289","SUP178275560",269.642345897949,47
"P11549408","SUP203120380",202.465997841412,13
"P66314818","SUP157544725",31.5477459914766,90
"P81111129","SUP172597346",134.664805597337,79
"P29264607","SUP142663161",194.380211486239,35
"P39885819","SUP581298570",159.368958305617,48
"P61269087","SUP170232323",54.8224664579878,36
"P46386620","SUP256273530",267.521033901397,71
"P13263309","SUP102667751",140.943517129354,84
"P82814085","SUP270987025",346.295702499411,30
"P92217517","SUP945668282",59.5746629981846,81
"P49965352","SUP272155500",129.964835393282,26
"P27202681","SUP251725474",22.0001228991565,87
"P47241676","SUP284017038",272.016968627306,33
"P38345562","SUP289814149",36.0774613591222,16
"P10668278","SUP133235870",146.992055445315,76
"P89896259","SUP198135621",435.025257661076,42
"P94127213","SUP203120380",320.051163009155,97
"P30683957","SUP246730485",285.703201395895,88
"P15499527","SUP131406229",164.093285327089,100
"P93464793","SUP260054113",669.58095097709,33
"P22744492","SUP261123843",67.3752292352291,96
"P58899446","SUP195739214",148.880787614746,55
"P99335403","SUP247151522",109.425523870718,36
"P53378526","SUP113427036",246.007621469528,21
"P35553822","SUP228032136",18.2243843390249,58
"P32662825","SUP133404992",77.845724195428,17
"P18572795","SUP311982157",131.197431225336,95
"P24968444","SUP251586871",551.098388714153,14
"P96472289","SUP272769681",65.7819570686202,86
"P91465745","SUP188795951",152.667638170246,92
"P86575409","SUP207257196",39.9974632996125,35
"P47948162","SUP297518437",20.9396549587906,29
"P20641623","SUP313562672",178.533525282979,38
"P44116414","SUP248372052",57.600235965505,65
"P22744492","SUP391286527",73.7576340251316,18
"P98733463","SUP224448032",28.8411247286852,89
"P33342028","SUP132254606",373.820952735927,94
"P17357211","SUP828561200",272.511744030442,58
"P89694349","SUP265269126",189.032691469727,59
"P73414988","SUP246730485",454.539147719562,51
"P96677758","SUP151805265",25.9686039983159,82
"P48287238","SUP131798677",135.162754579528,20
"P90375591","SUP144153284",100.460280766849,74
"P70557429","SUP293268870",216.377912249444,84
"P59852909","SUP154356472",197.383693736651,98
"P89573496","SUP129224270",241.267650122546,71
"P89896259","SUP132254606",382.18992099517,87
"P92615078","SUP264619357",96.8365378882392,23
"P31286465","SUP256273530",182.234718577701,93
"P94334727","SUP423480280",176.56444143508,97
"P93171573","SUP286527883",619.605568788235,46
"P40833003","SUP270987025",216.429997935057,19
"P77923787","SUP247151522",735.257191613885,58
"P85381374","SUP106937126",207.084084172732,61
"P98984468","SUP284008125",236.622074678548,80
"P61449978","SUP158785898",64.2001228397195,31
"P10975669","SUP186921538",76.0718751508291,53
"P13268949","SUP224448032",88.1614120831797,20
"P75862291","SUP186921538",112.106073640793,27
"P94875199","SUP334920424",83.1092533534043,21
"P76573321","SUP151805265",96.366787253706,80
"P89142641","SUP270987025",704.482184164377,12
"P90537720","SUP142524398",90.1727979852534,68
"P70523514","SUP261123843",66.775616594476,55
"P19371997","SUP283355172",60.6764345763512,91
"P11732301","SUP226432649",49.5735842880094,72
"P75862291","SUP221499522",106.30844064588,58
"P22906576","SUP246730485",670.747950898444,79
"P18572795","SUP222889906",161.075982651931,39
"P50505190","SUP112426010",47.1079778530877,79
"P80599323","SUP112426010",128.736557748153,45
"P76573321","SUP135710883",92.7184086884406,62
"P29518596","SUP151971428",62.7686555994046,38
"P45507004","SUP251586871",367.011266721557,46
"P34169033","SUP102667751",24.716232114988,70
"P45626009","SUP297518437",117.732573268295,51
"P27202681","SUP476888678",25.1356717181434,63
"P46386620","SUP463149069",221.821381371836,51
"P90925914","SUP216261676",104.379679561041,64
"P58474530","SUP200579943",17.3178730802592,71
"P66459393","SUP176933531",229.408453064569,55
"P92682355","SUP246839810",181.530714850004,38
"P50833741","SUP288993955",5.80059193045925,60
"P11759622","SUP260054113",774.134522169704,41
"P90537720","SUP132825464",70.2252832411271,10
"P98273360","SUP259205684",260.112732632775,43
"P47172400","SUP292038086",66.9351839298813,88
"P62685206","SUP338902121",52.9326103507022,19
"P16214409","SUP170774484",42.5317900110577,78
"P29795820","SUP325358843",220.34857946825,14
"P27499095","SUP232115291",88.2694403329667,64
"P70523514","SUP224448032",61.9307889255263,90
"P54574264","SUP129224270",465.250766064513,11
"P48785223","SUP283070800",162.587865153029,36
"P34297538","SUP188795951",174.033846139992,71
"P59416778","SUP159407557",84.9675492891166,20
"P62778148","SUP287888056",356.161995363486,73
"P55724094","SUP463149069",222.336870337404,90
"P50847950","SUP288993955",114.23545030898,72
"P22254190","SUP251725474",91.2713684607875,51
"P11759622","SUP132254606",638.299220707348,22
"P71411966","SUP229604884",197.354878164033,73
"P14994695","SUP188795951",202.505478094973,66
"P63569529","SUP179344382",120.090108414955,40
"P33729106","SUP679090552",148.472585307057,60
"P56508579","SUP262728222",113.800300721823,26
"P61926913","SUP224448032",65.0923942833859,82
"P21669181","SUP178309329",136.331307130596,59
"P14953289","SUP695839034",254.108346504339,82
"P97627448","SUP136665271",96.5313719149022,71
"P14671093","SUP926577248",705.748954881373,68
"P95476550","SUP198078780",106.310660570755,67
"P15402604","SUP151971428",50.1769609961798,95
"P41914107","SUP251586871",356.234984459781,56
"P46637021","SUP198955567",627.445870139835,41
"P70205893","SUP151690213",49.0243602307856,75
"P24968444","SUP275620523",636.654741405873,10
"P98984468","SUP926577248",228.491573390661,27
"P51373352","SUP609867193",11.4153877238198,80
"P92615078","SUP214873042",89.0266152319533,100
"P53426774","SUP131406229",108.077630899787,80
"P56656400","SUP294192046",158.657675453559,45
"P15957424","SUP159432385",15.3314357363414,78
"P19201199","SUP286527883",451.966754856305,84
"P40373788","SUP202756351",135.845554927233,36
"P91263430","SUP142663161",81.4588371514103,51
"P34139616","SUP303200139",59.4067976517104,84
"P31833418","SUP251586871",652.979576287839,37
"P93426015","SUP186921538",62.7333055728637,42
"P47789629","SUP303200139",39.1821968962075,41
"P43542510","SUP261309764",109.77888304363,96
"P81774707","SUP209531516",88.7650860993671,94
"P57427090","SUP311982157",156.065511721054,53
"P15931711","SUP584400435",94.4962765649599,71
"P92909603","SUP320400027",28.3245926214228,46
"P47662918","SUP576154144",35.96187687302,49
"P59416778","SUP106937126",80.5438448197078,88
"P41232863","SUP840378313",197.167719855952,80
"P18156345","SUP284017038",48.7828300122395,23
"P62744404","SUP173547559",132.445711347143,65
"P90503710","SUP173547559",34.9785109367194,57
"P77906440","SUP840587209",79.7678420374813,98
"P32531909","SUP136871057",147.999261538715,12
"P77561744","SUP584400435",123.169303130788,32
"P50847950","SUP160985008",123.555443250617,84
"P48111266","SUP120465025",79.8868069414643,70
"P81375409","SUP129209784",17.9919461078992,71
"P19201199","SUP260054113",496.231699305698,76
"P33452207","SUP287888056",298.786701292181,17
"P92965614","SUP338902121",70.2603723416221,69
"P34169033","SUP170774484",27.8685665148901,100
"P36837066","SUP131798677",107.529891699046,100
"P75862291","SUP107618171",107.535706401277,58
"P56508579","SUP512101375",96.9679107120461,98
"P23969997","SUP122284583",51.5958183638044,37
"P15616370","SUP178309329",279.914854785272,37
"P91809454","SUP330356313",210.526305212268,86
"P91404938","SUP200579943",213.03192425459,88
"P46637021","SUP133509984",605.226029305249,53
"P78367641","SUP338902121",133.435936691344,60
"P48524041","SUP209531516",140.541353542647,60
"P71411966","SUP293268870",181.630516435443,40
"P32339443","SUP155078486",129.07568262732,86
"P37668288","SUP112214886",228.805908956807,50
"P91362711","SUP100395220",63.5510244886712,84
"P41232863","SUP313562672",201.787108358167,66
"P29264607","SUP106937126",185.547910877448,55
"P45199205","SUP246839810",235.989429518505,60
"P26262802","SUP166618280",135.197413609149,69
"P83389401","SUP284008125",473.424648260225,71
"P74822795","SUP711474158",120.529152219361,64
"P10603435","SUP183296109",455.798383795416,31
"P36928752","SUP325358843",105.125048286896,33
"P49439033","SUP170774484",157.957254832795,21
"P77561744","SUP248372052",93.6640553427311,53
"P39731603","SUP178275560",242.87029581973,99
"P69127521","SUP112214886",571.064763001302,29
"P38683780","SUP156300936",175.598135714794,70
"P14994695","SUP463149069",271.603238634408,89
"P17357211","SUP187257058",243.141171136891,58
"P28889142","SUP945668282",24.9690805423591,53
"P58591848","SUP106937126",275.471965672599,75
"P62744404","SUP228032136",131.53262602202,46
"P82566347","SUP272155500",193.560456928448,28
"P90375591","SUP218582517",87.5046093314555,86
"P22152660","SUP121271196",166.325237291365,65
"P78537269","SUP226432649",14.1334670672329,14
"P18722193","SUP172597346",52.4436636111522,80
"P65983555","SUP144153284",28.9314042089675,25
"P38535158","SUP293926685",50.6246152105427,92
"P53696947","SUP325358843",225.915753056351,65
"P45507004","SUP926577248",363.895698416973,35
"P74742032","SUP112426010",112.105903321016,54
"P66459393","SUP209531516",258.165403475807,47
"P55495888","SUP297518437",227.258758359689,19
"P15402604","SUP588129541",50.143463791362,49
"P76303988","SUP106937126",45.0108801140247,19
"P71411966","SUP581298570",212.852301144083,47
"P67275057","SUP136665271",67.7706083734389,100
"P52756652","SUP251586871",551.633275084467,60
"P31796113","SUP102667751",193.853192925461,38
"P48111266","SUP259593110",70.0633587095724,96
"P56656400","SUP330356313",197.817259411499,63
"P58591848","SUP132825464",245.03677657038,94
"P29814122","SUP232333075",109.204885498238,75
"P36308399","SUP203374023",148.019864666142,96
"P76459907","SUP141435801",123.191510450053,73
"P24518204","SUP112214886",572.211750867739,28
"P58976509","SUP243659080",265.892297828825,28
"P23854089","SUP121271196",43.5222524170477,86
"P70356262","SUP130095879",245.036739105975,42
"P10456729","SUP169767088",93.5333971131449,47
"P56729689","SUP246839810",164.895205590056,73
"P67803963","SUP259593110",8.83371447142039,46
"P48853418","SUP334920424",74.573769116282,80
"P79973603","SUP275620523",585.903472943941,35
"P88568858","SUP711474158",176.023032210234,90
"P10593981","SUP202756351",108.32689439812,56
"P38449378","SUP136665271",9.02453079806641,46
"P76303988","SUP188795951",44.3497140690296,41
"P48853418","SUP136665271",77.6024557329233,54
"P76951423","SUP185486546",513.615002347236,49
"P99789809","SUP206423067",62.3825254277727,45
"P86402575","SUP945668282",17.7256675731922,65
"P99335403","SUP129224270",83.7564885847613,59
"P90503710","SUP135710883",35.8125826537581,77
"P25448652","SUP288993955",61.9140161958227,49
"P70205893","SUP232333075",55.6594697099812,37
"P29413835","SUP155078486",240.708146477455,65
"P98273360","SUP132825464",202.278952513346,94
"P80167548","SUP295630905",99.3530415450077,63
"P26482200","SUP293268870",181.750929243242,64
"P13745599","SUP249760074",34.4317266656267,96
"P64131670","SUP141435801",16.4198863447993,45
"P50372459","SUP224448032",235.444459725537,91
"P31286465","SUP488169079",171.324684939201,55
"P20641623","SUP114427716",192.34129831963,37
"P16422655","SUP228032136",18.5048860632229,21
"P58591848","SUP795028826",267.620538265947,20
"P44213668","SUP391286527",10.5098418197475,97
"P22744492","SUP154356472",65.1909696078584,39
"P64927743","SUP259593110",19.3377571397162,20
"P19201199","SUP840378313",412.84912650154,97
"P75953482","SUP159407557",48.418189018903,26
"P15397235","SUP273951622",219.07138246877,32
"P54252623","SUP163462750",42.9385050305547,83
"P47165693","SUP202756351",171.459238299213,63
"P55206620","SUP945668282",10.3766614624069,13
"P92722397","SUP320400027",189.93989869702,79
"P75588213","SUP134982297",15.4250875333451,83
"P20154366","SUP334920424",27.309024503829,92
"P75304280","SUP224698208",35.8717234787814,50
"P93352401","SUP182315671",280.309615139637,57
"P56508579","SUP391286527",112.361168438248,82
"P32855564","SUP209531516",249.417037911862,16
"P19729934","SUP120465025",41.6488375074698,60
"P56993765","SUP656913471",41.6149157341402,33
"P54232862","SUP278639247",431.736628052278,91
"P65983555","SUP264619357",34.0903032321476,97
"P81554792","SUP290964838",274.785811972687,81
"P23504091","SUP183296109",585.346036547884,73
"P51502320","SUP265977472",105.631281846721,69
"P21268228","SUP853255224",74.1827057086183,25
"P18156345","SUP200579943",48.6320705605755,56
"P95573042","SUP241830593",110.192006980977,91
"P29264607","SUP159407557",194.398118804526,38
"P70356262","SUP463149069",274.727856330422,70
"P27499095","SUP146303725",112.505531206015,71
"P36933022","SUP120465025",33.342742991919,34
"P74822795","SUP241830593",106.792478884339,89
"P72391139","SUP226432649",146.910297826391,78
"P50833741","SUP668506718",5.77939687250275,32
"P96258197","SUP178309329",158.041600496382,76
"P47112734","SUP247151522",46.8217553694523,79
"P91263430","SUP280438548",65.9839420166547,98
"P59416778","SUP272155500",106.211515178118,28
"P39121645","SUP151805265",18.1054701971728,20
"P62744404","SUP265977472",105.916282247998,21
"P37161903","SUP892567108",124.54785573804,71
"P45634441","SUP335813809",44.9938405645266,81
"P90503710","SUP170232323",30.9357006734535,80
"P49292258","SUP260762356",280.289168033101,88
"P40373788","SUP113427036",113.689501009239,16
"P37369153","SUP229604884",45.5584454610944,22
"P13972659","SUP261309764",126.943113683601,93
"P33822408","SUP136665271",102.991294583805,82
"P94622945","SUP198078780",110.386912183568,21
"P18539192","SUP114427716",87.7622624324677,87
"P15616370","SUP290451107",312.351987793526,82
"P16422655","SUP214873042",16.3739625372036,45
"P48111266","SUP206423067",88.6660081607068,92
"P84997176","SUP828561200",105.898174058737,43
"P21444532","SUP273189001",165.167904097016,70
"P80167548","SUP265269126",93.2462037093937,65
"P33926222","SUP125198230",21.7682025788636,85
"P18279428","SUP576154144",179.626954964155,23
"P99996011","SUP262728222",318.938170354423,83
"P31886096","SUP113427036",238.745345408859,25
"P44114070","SUP265977472",82.0953846528232,83
"P85381374","SUP154356472",237.296623280172,75
"P18539192","SUP185486546",104.904079535102,30
"P50372459","SUP142663161",296.110060264472,17
"P10603435","SUP132254606",401.479800109865,42
"P37294983","SUP106937126",20.7945959676376,88
"P15499527","SUP262728222",182.679396820146,97
"P75537732","SUP100395220",106.475638070969,27
"P92929889","SUP151805265",96.2257692666217,25
"P61429599","SUP828561200",185.454655446811,13
"P28501207","SUP337535546",38.210263810961,48
"P57427090","SUP338902121",138.11132892998,71
"P18156345","SUP202756351",48.2591800951064,45
"P53649623","SUP132825464",129.713812240541,92
"P39731603","SUP297518437",231.299117788907,32
"P47602968","SUP325358843",20.3315606263746,81
"P91362711","SUP820077324",64.0944168687374,28
"P52957471","SUP576154144",96.4181886003564,80
"P62778148","SUP251586871",381.182571603817,85
"P75953482","SUP294192046",49.3765970092539,75
"P25733544","SUP303200139",68.1383704474254,27
"P11732301","SUP576154144",58.6554882458586,66
"P98612339","SUP339148131",36.1863824514061,57
"P34701889","SUP218950278",169.475680598231,32
"P42146558","SUP338902121",30.4884380390064,20
"P21268228","SUP179344382",76.5225734233275,11
"P21444532","SUP132825464",187.264783829816,55
"P65451355","SUP121271196",102.132035529889,98
"P87409829","SUP424904370",325.462877005354,98
"P80123273","SUP207257196",133.01262231761,26
"P40447819","SUP303365953",13.8314399347681,31
"P47112734","SUP260909455",49.9048297584429,86
"P44116414","SUP668506718",56.5966984404582,95
"P11281448","SUP264619357",94.3720047910698,34
"P35317573","SUP926577248",622.227125520968,64
"P89611215","SUP258163777",18.519658352058,82
"P69694346","SUP202756351",158.774095438099,69
"P53438658","SUP272769681",194.538633156748,44
"P74822795","SUP242348575",116.679107300446,97
"P91404938","SUP293268870",217.599408343698,51
"P41899275","SUP132315598",12.1884435419391,85
"P21441091","SUP243659080",104.338291170929,24
"P92615078","SUP853255224",87.4410008738551,24
"P50505190","SUP359315989",52.1198930387115,45
"P43426627","SUP270987025",482.395662924357,34
"P80167548","SUP249760074",99.1135570926854,50
"P26594134","SUP288993955",122.222087702244,14
"P19197874","SUP160985008",181.064162621608,87
"P40291035","SUP107618171",64.2382553744607,90
"P16574244","SUP246839810",178.731806705013,11
"P57427090","SUP133404992",129.178994223101,60
"P44807534","SUP209531516",273.589384708077,97
"P95476550","SUP249760074",106.191896601114,84
"P38535158","SUP159407557",52.3090952866513,42
"P20734556","SUP160985008",140.238530702911,16
"P61449978","SUP258163777",49.3794959010365,24
"P45586681","SUP135710883",110.549931375564,99
"P18919292","SUP221499522",95.2688175623983,96
"P94668096","SUP120465025",98.8333477086768,20
"P97429604","SUP224448032",212.733878474469,57
"P38449378","SUP155467998",8.63755921665346,34
"P28501207","SUP114427716",43.5508352374274,19
"P40291035","SUP224698208",54.8989873820171,37
"P34139616","SUP100395220",65.2944247361706,15
"P42945843","SUP129209784",18.1571200065343,21
"P71686912","SUP261309764",3.59558834397269,28
"P89555698","SUP283070800",146.811308436956,44
"P23885151","SUP156300936",299.067442180442,17
"P77923787","SUP278639247",825.597266359883,64
"P41232863","SUP270987025",243.659212189187,57
"P99842537","SUP191864249",81.6461529698133,11
"P36308399","SUP297518437",158.0185948759,86
"P95573042","SUP249760074",90.6062967866659,62
"P77449617","SUP338902121",189.976399648312,92
"P92909603","SUP241830593",27.4614835125008,40
"P76459907","SUP241830593",123.296175807665,84
"P28102025","SUP176933531",53.2479949029033,84
"P76303988","SUP795028826",47.0377154742479,38
"P17981239","SUP512101375",217.376555964025,42
"P17618629","SUP136871057",59.2149753946903,36
"P47988011","SUP334920424",89.3627531725068,34
"P86518936","SUP195184466",17.9606443420125,81
"P61963665","SUP132254606",200.156129007298,65
"P63223251","SUP424904370",262.671889579778,49
"P85381374","SUP280438548",202.836574637534,72
"P49965352","SUP259205684",167.101978134965,81
"P94875199","SUP221499522",71.1480800126097,89
"P27501243","SUP334920424",31.534523977662,19
"P52784962","SUP159407557",315.946052289122,24
"P13745599","SUP359315989",33.8848958605989,51
"P64927743","SUP100395220",20.0502264830049,33
"P45634441","SUP985993581",45.5113971189782,49
"P10668278","SUP159407557",151.286110099292,11
"P55206620","SUP305385506",8.98001309286884,27
"P31652354","SUP151971428",241.452105056179,84
"P49267362","SUP260762356",84.9716851023611,11
"P69461901","SUP144153284",121.733778491028,69
"P75588213","SUP159432385",16.701322005313,28
"P77451807","SUP112214886",312.489616859083,75
"P39805594","SUP335813809",70.1654512889236,50
"P65741732","SUP260909455",554.923409845295,96
"P75862291","SUP201639405",83.6015360609053,14
"P82906066","SUP324870003",46.8986279169725,15
"P32531909","SUP249760074",192.033271212185,90
"P99371696","SUP274260887",20.4351750503986,36
"P17357211","SUP178275560",256.326765098894,21
"P32531909","SUP204457471",178.013752769906,88
"P98612339","SUP290451107",36.0896174097637,23
"P28441437","SUP198135621",270.18567344884,11
"P59897514","SUP107618171",125.060234500667,89
"P50641947","SUP151971428",211.949719738048,24
"P92803982","SUP246839810",8.97221359323431,70
"P17981239","SUP334406849",252.323863346932,83
"P61926913","SUP795028826",74.9187238981552,33
"P21268228","SUP155467998",63.6483159752034,100
"P86518936","SUP207257196",19.4864598845425,12
"P61141902","SUP227734170",116.594830948232,43
"P17909696","SUP241058304",404.322094720135,52
"P36735621","SUP232333075",25.224033937874,49
"P13867118","SUP424904370",257.387262753472,68
"P62423978","SUP261123843",125.045356760022,39
"P49267362","SUP294192046",89.2684173964317,25
"P15616370","SUP273189001",328.616796652475,18
"P21268228","SUP163462750",70.4019882308699,66
"P39805594","SUP423480280",59.7984382872343,73
"P37294983","SUP339148131",21.2930380274407,56
"P80167548","SUP227734170",80.158330651655,86
"P26594134","SUP191864249",96.5649560316028,64
"P47948162","SUP226432649",23.4842059486033,100
"P90263233","SUP159407557",120.358424780399,91
"P65741732","SUP159126633",579.924907596397,53
"P83389401","SUP275620523",581.397717803652,82
"P68152097","SUP261123843",107.613661706978,67
"P32531909","SUP218950278",176.856784835752,82
"P33926222","SUP985993581",28.1709657776942,57
"P37952537","SUP463149069",262.610667005859,78
"P63431602","SUP202756351",177.627933590056,49
"P50847950","SUP242348575",112.991246631538,71
"P32527331","SUP316833253",21.7597767494624,91
"P77906440","SUP157544725",90.6340275559367,15
"P33926222","SUP325358843",24.7231254427896,31
"P13745599","SUP195184466",35.6113004320809,99
"P86402575","SUP267200255",18.1560091279984,47
"P34297538","SUP339148131",135.941964682944,45
"P63223251","SUP183296109",244.37708731166,24
"P57205333","SUP424904370",425.489498268329,58
"P30841123","SUP261309764",77.1154423309055,36
"P98984468","SUP251586871",254.13655158375,81
"P33822408","SUP132315598",111.719853661653,66
"P87978600","SUP232115291",31.3349800052214,95
"P63226549","SUP423480280",52.0526129309796,98
"P16422655","SUP170232323",16.3707764480102,23
"P17357211","SUP938696893",255.818196411017,81
"P11549408","SUP251586871",232.142635325999,12
"P44213668","SUP463149069",10.4725198654233,73
"P82942731","SUP159126633",499.242763844244,51
"P33926222","SUP191089540",27.1525451906752,28
"P54713302","SUP283070800",228.174799131106,40
"P49439033","SUP166618280",151.091081445329,53
"P26482200","SUP283070800",147.73549029135,79
"P18156345","SUP283070800",40.3312922192682,35
"P94622945","SUP160985008",110.848934635085,38
"P89555698","SUP892567108",133.967638241208,48
"P47109983","SUP272769681",130.981977290703,30
"P92682355","SUP122284583",224.500776843382,66
"P49751701","SUP258163777",191.213310099919,13
"P96677758","SUP135710883",29.200051151111,19
"P45586681","SUP264619357",93.7131742113218,89
"P82479977","SUP142663161",72.4906000869821,64
"P82942731","SUP714146417",485.234526147852,89
"P32531909","SUP338902121",165.033421118437,44
"P17981239","SUP262728222",222.05764340991,48
"P82197036","SUP185486546",606.655295701864,39
"P94819787","SUP840378313",20.6261577444202,30
"P44114070","SUP186921538",85.1540485794134,100
"P31886096","SUP297518437",263.421623763619,47
"P64884205","SUP129209784",8.34797270528111,11
"P14994695","SUP132825464",216.213299961444,55
"P80579957","SUP229604884",22.2694262331855,45
"P23954632","SUP840587209",77.6317638795738,63
"P39731603","SUP938696893",238.98452215769,19
"P66288623","SUP423480280",252.180090305288,46
"P47602968","SUP339148131",17.5977285608288,53
"P53649623","SUP391286527",129.675440702642,77
"P16916593","SUP203120380",177.061443288323,16
"P46306612","SUP262728222",69.8699406696169,20
"P15931711","SUP246839810",90.0049868045081,11
"P36353779","SUP289814149",179.27846597043,22
"P52784962","SUP260762356",245.603027335222,41
"P87409930","SUP133509984",705.622326540506,20
"P46386620","SUP159432385",287.72633157176,96
"P97627448","SUP251725474",102.305094456365,49
"P46544797","SUP487469056",76.2093621912296,49
"P62536520","SUP158785898",135.279984629288,15
"P29264607","SUP135411427",184.47846030606,14
"P65741732","SUP247151522",496.539161891539,38
"P29795820","SUP280438548",219.632413558446,57
"P75463073","SUP985993581",118.45623752013,69
"P54574264","SUP714146417",492.43050829669,74
"P51502320","SUP206423067",112.174950580078,19
"P60205815","SUP191864249",49.2390090013946,11
"P19675735","SUP203120380",159.323339760346,72
"P79973603","SUP260054113",527.989693009514,86
"P56907959","SUP689350546",585.054646494436,24
"P21268228","SUP261309764",75.7973807906943,79
"P54574264","SUP260909455",466.311186718665,70
"P41608676","SUP129224270",201.104766918928,24
"P13745599","SUP248372052",36.8143937562867,58
"P12852966","SUP259205684",115.996172573333,44
"P66752896","SUP795028826",62.2718263845972,66
"P13268949","SUP463149069",76.0520418119724,59
"P54713302","SUP581298570",213.422982861238,83
"P57533522","SUP293926685",103.091155602784,85
"P98273360","SUP322365865",220.396797085963,17
"P81729199","SUP179344382",73.594553499124,17
"P70557429","SUP131798677",206.108870391806,13
"P37369153","SUP176933531",53.5786422346719,24
"P37294983","SUP224448032",18.3216058109368,90
"P48853418","SUP129209784",75.2843687844366,100
"P37369153","SUP182315671",51.9975857581012,43
"P30382608","SUP305385506",19.5243068424384,36
"P86711759","SUP334406849",306.557354532942,80
"P17137437","SUP157544725",93.0424617901427,100
"P26826691","SUP228032136",51.2755222274009,22
"P77561744","SUP265269126",94.5369234386375,17
"P33452207","SUP129224270",366.083594540819,34
"P20641623","SUP270987025",184.428660453653,73
"P54232862","SUP129224270",392.949511979826,62
"P36846102","SUP275620523",47.6970382683172,62
"P94334727","SUP339148131",197.615029857176,35
"P96472289","SUP320400027",63.5521927644964,90
"P22744492","SUP316833253",72.4046591727661,21
"P96677758","SUP120465025",22.6630592127602,54
"P50847950","SUP195739214",115.923449853878,25
"P79519988","SUP338902121",94.9114695544992,19
"P91809454","SUP488169079",185.088633451095,14
"P38535158","SUP463149069",53.5131031296018,56
"P15397235","SUP272769681",222.736594490391,15
"P67139054","SUP292038086",259.557459689759,30
"P68152097","SUP188795951",123.949537310213,90
"P48296294","SUP278639247",483.789126938349,35
"P29518596","SUP166618280",78.1630064752721,85
"P13508452","SUP133509984",216.421950502747,52
"P41608676","SUP112214886",185.842196353248,33
"P49292258","SUP188795951",279.886060658434,81
"P91772057","SUP135710883",105.06877151752,74
"P41945186","SUP283070800",77.077715706839,96
"P42441115","SUP214873042",33.5263748469308,44
"P13981213","SUP131299122",50.7698271407486,71
"P12852966","SUP294192046",104.579994558259,83
"P67314901","SUP131406229",194.175336837918,37
"P91263430","SUP243659080",68.2100157867074,61
"P45199205","SUP324870003",184.246440598642,32
"P45406149","SUP246730485",107.739500060189,24
"P15397235","SUP191864249",196.671786648953,48
"P78537269","SUP151690213",14.4312211747318,64
"P77923787","SUP132254606",665.072354344533,95
"P62536520","SUP265269126",135.782880518822,25
"P37231300","SUP241830593",138.810598434938,85
"P45936394","SUP159126633",503.065700098137,29
"P91404938","SUP581298570",213.719154516754,82
"P43426627","SUP313562672",430.718777260103,37
"P98273360","SUP125198230",245.222562876055,12
"P56426674","SUP122284583",80.220939399729,54
"P47172400","SUP760221969",68.0364297258516,70
"P15931711","SUP164456819",82.654387039925,66
"P45406149","SUP714146417",121.204396352258,69
"P13472415","SUP251725474",62.452261989316,77
"P44696854","SUP176933531",10.5485940068197,83
"P19935373","SUP246730485",75.2587439573299,83
"P44696854","SUP588129541",13.3891474283579,14
"P31796113","SUP170774484",174.880485337874,84
"P14671093","SUP241058304",685.71972489117,21
"P16547344","SUP102667751",235.292856634482,14
"P44696854","SUP166618280",10.8143579112306,97
"P74135058","SUP222889906",190.453965160529,71
"P99842537","SUP295630905",86.6666721116278,77
"P78217241","SUP132315598",92.4042164366398,74
"P34927127","SUP274260887",107.758033976182,92
"P51502320","SUP221499522",113.309672262426,20
"P13263309","SUP155078486",172.753058654348,48
"P55206620","SUP144153284",8.48135591208958,38
"P26594134","SUP198078780",107.800826397534,100
"P53133956","SUP424904370",144.46834975752,97
"P38535158","SUP330356313",54.5981770732242,14
"P45199205","SUP242348575",235.421573506023,75
"P75953482","SUP212326627",56.8325287937913,50
"P82942731","SUP112214886",490.695184032894,35
"P52784962","SUP512101375",291.891509309057,37
"P44893051","SUP260054113",124.833638738874,56
"P66314818","SUP476888678",33.1214242516428,79
"P60375192","SUP391286527",208.946415185313,99
"P67314901","SUP280438548",234.172855870075,79
"P32873674","SUP292038086",113.348005789969,13
"P37294983","SUP142524398",16.1230898356023,73
"P19729934","SUP261309764",34.4739055378749,31
"P29795820","SUP156300936",179.23216102042,88
"P50641947","SUP828561200",218.526986712515,15
"P10499890","SUP185486546",797.359380931497,66
"P44696854","SUP232333075",11.1397718014695,76
"P56993765","SUP512101375",48.5347032687017,94
"P15499527","SUP294192046",169.008618865481,83
"P70523514","SUP188795951",65.7203776717645,98
"P86711759","SUP261123843",278.570579234726,74
"P91809454","SUP656913471",184.693148952083,44
"P96472289","SUP122284583",74.8740147972363,49
"P83352663","SUP170774484",193.406831468481,11
"P55206620","SUP155467998",9.51495615438349,55
"P49439033","SUP828561200",153.147422469229,28
"P81774707","SUP284017038",98.3185334551063,99
"P29814122","SUP938696893",120.240916966329,42
"P58591848","SUP290451107",248.740409391625,96
"P15616370","SUP391286527",290.951555064701,12
"P85235702","SUP260909455",221.725177580474,46
"P26826691","SUP218582517",59.5009015060491,73
"P37952537","SUP260762356",314.58154892041,97
"P55495888","SUP289814149",236.842919438973,70
"P10593981","SUP113427036",136.219265979545,68
"P29814122","SUP203374023",117.199994868346,73
"P47789629","SUP170232323",41.3531555151716,22
"P77711784","SUP151690213",157.453999799939,82
"P66752896","SUP188795951",58.4539978681388,26
"P39121645","SUP267200255",22.7735384786874,87
"P63203803","SUP204457471",151.320329808137,62
"P32531909","SUP222889906",142.885704569524,17
"P82514309","SUP289814149",112.125044447888,46
"P84977995","SUP313562672",238.960757955162,21
"P75528934","SUP289814149",203.038528615889,93
"P55495888","SUP182315671",253.672033037541,14
"P96258197","SUP316833253",135.157494333744,66
"P91362711","SUP840587209",52.0834149613646,59
"P55206620","SUP334920424",9.64029010921391,60
"P32662825","SUP227734170",73.5341670657413,44
"P63226549","SUP132825464",56.845751772929,14
"P30382608","SUP609867193",17.9724637960182,81
"P39805594","SUP125198230",71.7335887735466,46
"P47662918","SUP283070800",34.9606015158944,64
"P36381999","SUP273951622",43.5763252640329,35
"P37231300","SUP198078780",118.643177693099,69
"P21121307","SUP133509984",163.841947412263,98
"P45406149","SUP424904370",122.5577882082,65
"P93464793","SUP246730485",659.635711455348,95
"P92146041","SUP120465025",106.28159980916,40
"P42441115","SUP120465025",31.2167241545813,61
"P82514309","SUP155078486",95.7932529560071,18
"P47789629","SUP221499522",36.4062797221632,18
"P22254190","SUP221499522",79.0790138283519,62
"P95573042","SUP204457471",104.409472196805,26
"P18572795","SUP232115291",127.506842869421,33
"P40649345","SUP840378313",315.740905894976,72
"P45634441","SUP322365865",45.8244285366684,70
"P44116414","SUP338902121",65.6765234573563,84
"P42515509","SUP668506718",187.398882677961,89
"P36846102","SUP284008125",58.1857328086761,36
"P23854089","SUP207257196",38.5290369223907,37
"P41914107","SUP129224270",339.991534458272,23
"P56248922","SUP248372052",177.762818225778,22
"P36846102","SUP840378313",59.1301626485093,56
"P92615078","SUP609867193",93.9622660971078,23
"P87409829","SUP313562672",315.005655355096,83
"P86402575","SUP840587209",16.9492581264845,18
"P77216116","SUP278639247",241.603740283499,86
"P60375192","SUP159407557",164.623441857557,87
"P89694349","SUP204457471",157.360270363708,57
"P95393997","SUP229604884",225.429772115169,78
"P23885151","SUP262728222",268.318733006438,99
"P37558138","SUP243659080",43.7644687698182,86
"P85381374","SUP243659080",239.093233907012,87
"P63431602","SUP293268870",199.62919830929,81
"P67143596","SUP840587209",32.2645141981978,80
"P86402575","SUP131299122",17.5109527860804,68
"P23223638","SUP133404992",13.3525662719356,73
"P77216116","SUP287888056",190.366809436443,54
"P41899275","SUP129209784",9.96854786279635,66
"P94819787","SUP241058304",21.6300085906293,55
"P75862291","SUP144153284",85.995826905424,86
"P37558138","SUP512101375",37.6838582630607,66
"P41232863","SUP424904370",218.953613761415,54
"P86673349","SUP198078780",188.689975180103,91
"P36329652","SUP247151522",25.8215331331944,29
"P22254190","SUP155467998",88.3268970881805,52
"P86518936","SUP232115291",20.8506044615336,81
"P77906440","SUP186921538",86.1545088022903,17
"P76573321","SUP163462750",112.40306879762,24
"P20641623","SUP714146417",151.702447472566,30
"P47789629","SUP840587209",33.8252181903038,59
"P20674547","SUP228032136",70.7875795481962,90
"P53649623","SUP330356313",121.419380584887,67
"P89142641","SUP926577248",827.903826411119,70
"P92881101","SUP135411427",298.695120930932,42
"P62685206","SUP112426010",54.2981950495362,70
"P36933022","SUP945668282",40.3737867531275,32
"P41899275","SUP305385506",10.3154207682792,79
"P78217241","SUP945668282",76.3188406882624,90
"P88568858","SUP227734170",157.72484851886,37
"P41388769","SUP142663161",170.558838782873,13
"P56907959","SUP246730485",542.086010613221,19
"P89117870","SUP292038086",174.86205701882,38
"P20154366","SUP163462750",25.0009028150439,56
"P66752896","SUP142663161",49.5472823635989,96
"P41388769","SUP224448032",186.850174574962,11
"P11281448","SUP259593110",102.25980584902,16
"P75304280","SUP334920424",36.8838758357012,91
"P61429599","SUP938696893",213.273366822243,50
"P74742032","SUP248372052",109.88979974252,10
"P92881101","SUP256273530",267.044718862604,20
"P94622945","SUP249760074",127.173955451259,81
"P56508579","SUP156300936",113.441838548872,23
"P88568858","SUP248372052",155.496906738468,17
"P28501207","SUP241058304",43.60569099691,17
"P10458194","SUP338902121",38.7247572184654,80
"P38341000","SUP186921538",94.6298037600792,72
"P34432938","SUP136665271",18.8736972336012,72
"P18539192","SUP132254606",90.5603898039898,59
"P69694346","SUP151690213",143.316394302031,17
"P91465745","SUP125198230",122.317744259715,82
"P15397235","SUP198078780",196.389858510474,47
"P67275057","SUP334920424",74.0608370694283,70
"P55206620","SUP265977472",8.81284157169715,57
"P53649623","SUP178309329",140.350645497594,68
"P12648930","SUP283070800",51.0401728483105,46
"P79973603","SUP337535546",532.168999032296,65
"P17137437","SUP173547559",90.413778205936,61
"P16214409","SUP203374023",42.2318649818294,82
"P34927127","SUP272769681",104.576909168009,12
"P34169033","SUP182315671",29.0027755143903,43
"P74135058","SUP711474158",199.164645362237,10
"P67275057","SUP157544725",74.2733024599843,49
"P84997176","SUP226432649",112.333460534069,67
"P98612339","SUP262728222",30.9950314781076,12
"P55495888","SUP229604884",226.73286820621,15
"P51373352","SUP170232323",10.6748820802281,88
"P16916593","SUP132254606",162.81567077115,90
"P90375591","SUP157544725",101.351347815183,29
"P81392925","SUP289814149",297.104030337771,28
"P81375409","SUP132315598",21.2899800680273,27
"P14375300","SUP274260887",106.543834316732,25
"P15499527","SUP334406849",183.994880332054,20
"P56426674","SUP258163777",72.5653952212781,78
"P40373788","SUP200579943",134.699064144631,85
"P52204796","SUP325358843",237.601143321429,76
"P83389401","SUP313562672",559.369600595177,47
"P37952537","SUP985993581",259.681112061717,45
"P20734556","SUP248372052",145.650354882145,37
"P16916593","SUP185486546",203.48461242751,64
"P73777011","SUP112214886",654.339851276006,70
"P32855564","SUP178275560",200.085796504244,30
"P31449565","SUP609867193",9.24127599496977,19
"P50372459","SUP188795951",248.370159898021,29
"P47948162","SUP102667751",19.8922502442391,50
"P32855564","SUP283355172",236.435007705735,56
"P59867097","SUP322365865",209.533198249057,39
"P18919292","SUP840587209",96.9055770701661,59
"P80167548","SUP258163777",102.610075432647,84
"P66752896","SUP131406229",59.0865025175351,37
"P92146041","SUP224698208",133.291466480989,91
"P37952537","SUP325358843",311.343594239276,75
"P31833418","SUP198955567",655.040849871072,30
"P11759622","SUP185486546",736.189404165564,67
"P97627448","SUP265977472",107.023019414281,64
"P62778148","SUP689350546",370.307053523007,28
"P39805594","SUP273189001",65.566903727702,24
"P89694349","SUP207257196",141.298895482908,97
"P92881101","SUP191089540",263.658581241734,51
"P76951423","SUP112214886",485.881719234087,62
"P32928687","SUP335813809",175.410621577519,93
"P21268228","SUP151805265",67.0097457278259,78
"P78217241","SUP303365953",83.0838687433881,27
"P75528934","SUP284017038",204.590983164751,100
"P21857128","SUP113427036",197.267282650203,50
"P37294983","SUP261123843",17.248663501627,84
"P10593981","SUP170774484",111.22947073627,74
"P63223251","SUP278639247",230.187753654856,16
"P92881101","SUP132825464",295.347346066924,55
"P33926222","SUP260762356",24.6501501708005,44
"P77561744","SUP198078780",117.671870291565,22
"P48296294","SUP183296109",430.41134941068,89
"P30551375","SUP270987025",594.969346883414,37
"P49751701","SUP146303725",183.125135797774,17
"P33719577","SUP222889906",86.9205110636889,60
"P13268949","SUP132825464",94.0674707169786,77
"P92246999","SUP191089540",25.7981772364686,52
"P97627448","SUP261309764",106.537843434377,65
"P55724094","SUP134982297",223.250521047661,20
"P90375591","SUP136665271",82.9025618846861,19
"P20641623","SUP198955567",187.796868104944,80
"P28889142","SUP820077324",30.9120207490306,94
"P95573042","SUP258163777",92.0199632283533,73
"P21857128","SUP182315671",196.430558564023,55
"P28102025","SUP292038086",56.8422991125395,84
"P11732301","SUP178275560",52.0219649435603,11
"P89611215","SUP158785898",17.7154034256429,86
"P50372459","SUP335813809",292.852837318347,68
"P19197874","SUP227734170",232.78869116507,34
"P47241676","SUP679090552",253.380175100587,32
"P32219071","SUP221499522",65.1506403717651,29
"P63203803","SUP248372052",149.531782646076,77
"P63431602","SUP679090552",191.033442543494,44
"P17981239","SUP330356313",235.943500101421,83
"P22152660","SUP241830593",166.972987346268,61
"P34927127","SUP207257196",98.026725635808,10
"P69694346","SUP229604884",137.619619777824,93
"P47789629","SUP201639405",41.1341607969136,92
"P91465745","SUP290964838",123.65963566689,48
"P90925914","SUP134982297",115.6766510127,48
"P37161903","SUP166618280",101.586420309333,72
"P14953289","SUP938696893",221.961429318688,46
"P98733463","SUP154356472",30.611922182925,51
"P56993765","SUP290964838",40.1955160312559,68
"P36381999","SUP668506718",34.0853254771046,57
"P41899275","SUP151805265",9.52438730025163,40
"P22747490","SUP840587209",135.438916973267,95
"P60205815","SUP359315989",56.4280825475369,68
"P64884205","SUP261309764",7.2871314754734,62
"P18539192","SUP284008125",99.295085149039,94
"P53649623","SUP154356472",137.008957981936,56
"P45936394","SUP114427716",497.389624071448,23
"P14744963","SUP132825464",114.346008455989,98
"P45634441","SUP463149069",45.8013778810576,42
"P44114070","SUP303365953",80.7084083832745,46
"P52756652","SUP286527883",602.086007523195,21
"P93988828","SUP241058304",193.52593656035,93
"P51373352","SUP840587209",10.3293943908743,80
"P19201199","SUP132254606",488.424775762316,31
"P77906440","SUP945668282",82.5951456961993,32
"P20674547","SUP820077324",75.7500665531228,96
"P28889142","SUP251725474",28.0870010401611,96
"P70557429","SUP284017038",211.145628109745,29
"P23115354","SUP155467998",7.89227750825335,19
"P76459907","SUP443090128",130.998576896314,76
"P14953289","SUP293268870",237.745197906398,18
"P19197874","SUP133404992",212.614103998387,36
"P89573496","SUP198135621",223.754839520458,84
"P41914107","SUP275620523",296.924593408723,26
"P88765331","SUP711474158",117.842923353192,77
"P86575409","SUP311982157",46.600374202902,72
"P61926913","SUP273189001",70.8715679178899,42
"P61447074","SUP151690213",232.00231979198,52
"P10458194","SUP273951622",46.180120548122,32
"P89896259","SUP689350546",409.32163691695,90
"P44213668","SUP293926685",9.61902554733178,49
"P29413835","SUP938696893",183.261277614597,26
"P78367641","SUP668506718",142.282892979463,77
"P41945186","SUP292038086",89.7700784655769,96
"P23969997","SUP232115291",42.8774223450539,60
"P97429604","SUP273189001",209.788277819153,32
"P96258197","SUP290451107",140.504116151094,25
"P43542510","SUP136665271",121.406720441894,21
"P14671093","SUP424904370",673.274541833127,63
"P34927127","SUP195184466",93.9818283808325,12
"P40447819","SUP179344382",11.5975941919791,16
"P64927743","SUP131299122",20.3961081977844,12
"P23954632","SUP264619357",66.5470888768977,62
"P69461901","SUP100395220",108.118088555616,29
"P42515509","SUP121271196",242.369325509617,28
"P44807534","SUP938696893",235.130047661713,70
"P38535158","SUP154356472",48.5875252379489,13
"P26826691","SUP261309764",57.2374139964675,35
"P15957424","SUP316833253",19.2411729671176,17
"P33342028","SUP337535546",380.582095447827,58
"P89896259","SUP714146417",411.686681281598,67
"P15402604","SUP297518437",48.2246912727505,24
"P81554792","SUP272155500",273.412492138647,98
"P61447074","SUP284017038",189.151931020405,82
"P41388769","SUP130095879",179.59355853758,22
"P91362711","SUP261309764",49.2815898784234,70
"P75463073","SUP398474325",112.736569022507,40
"P64884205","SUP224698208",8.68885946670268,52
"P98273360","SUP243659080",257.366476950506,14
"P46102483","SUP926577248",313.209646024152,33
"P50847950","SUP246839810",112.058162489083,95
"P89573496","SUP185486546",208.032073787598,45
"P14994695","SUP398474325",256.961503658051,68
"P44116414","SUP195739214",68.5135015703661,47
"P64131670","SUP218950278",17.819933099777,78
"P46386620","SUP178309329",223.229222038086,100
"P59852909","SUP159407557",221.275788571052,70
"P77906440","SUP305385506",87.7178604133406,28
"P45199205","SUP160985008",225.461963359906,21
"P95393997","SUP203374023",197.911623447364,42
"P98612339","SUP178309329",30.5133089621871,83
"P12561701","SUP146303725",202.394276373718,40
"P40291035","SUP201639405",53.2129966405727,45
"P74774577","SUP325358843",36.4795729824305,83
"P15658644","SUP284017038",211.06718475897,24
"P67803963","SUP135710883",8.64342219975719,37
"P69127521","SUP424904370",601.366361166739,99
"P61926913","SUP259205684",68.5775577446516,17
"P23854089","SUP227734170",41.3463739847786,95
"P19197874","SUP122284583",203.989381362003,55
"P71411966","SUP588129541",228.070801656398,69
"P49751701","SUP207257196",179.082754988959,81
"P32219071","SUP303200139",67.0871859603663,51
"P82479977","SUP132825464",75.2385407571886,79
"P36353779","SUP200579943",205.110095345524,77
"P70356262","SUP178309329",278.94702714674,52
"P21857128","SUP828561200",210.543573614243,89
"P32532492","SUP290451107",111.868192813529,72
"P13263309","SUP284017038",160.55601538818,49
"P54446208","SUP129224270",542.426959566413,99
"P29264607","SUP256273530",192.24715698747,55
"P61449978","SUP204457471",55.7199570939941,29
"P61269087","SUP259593110",67.0096038243715,16
"P44423881","SUP166618280",24.0208631395589,82
"P44893051","SUP260909455",134.842293729335,93
"P77906440","SUP131299122",84.917428442183,62
"P92792924","SUP265977472",28.2872578557155,20
"P61449978","SUP112426010",50.9836569927023,58
"P92792924","SUP820077324",31.3860758580028,11
"P36928752","SUP280438548",108.591825100218,38
"P32527331","SUP322365865",21.5229852325631,96
"P59897514","SUP251725474",120.867480082745,46
"P90213319","SUP274260887",15.1454488426072,94
"P41608676","SUP132254606",236.495706930191,39
"P13263309","SUP293268870",161.675293179897,61
"P80579957","SUP293268870",18.9874002809161,15
"P56993765","SUP290451107",39.7313006349788,72
"P70126000","SUP142663161",114.632451287448,64
"P14671093","SUP159126633",750.132493156603,44
"P90702913","SUP133509984",613.238223837026,36
"P87409930","SUP424904370",655.011574740946,87
"P57533522","SUP322365865",105.155547898153,50
"P98612339","SUP463149069",35.6944919598085,69
"P75518282","SUP251586871",491.419561418685,41
"P44114070","SUP155467998",71.3079938934222,69
"P64188193","SUP265269126",10.2834159929929,93
"P89117870","SUP229604884",182.863964510652,95
"P39731603","SUP151971428",255.172587025437,13
"P64131670","SUP584400435",17.0112697099568,60
"P31833418","SUP260909455",641.381591315321,49
"P39805594","SUP178309329",65.7350110283437,47
"P80167548","SUP136871057",91.6412649452541,43
"P69694346","SUP166618280",121.401498034713,27
"P23969997","SUP191864249",42.6027701531039,95
"P43586219","SUP335813809",210.681692610802,44
"P82479977","SUP262728222",76.1060907057063,39
"P18722193","SUP339148131",54.8503714158372,12
"P46102483","SUP129224270",293.025853682318,81
"P38753116","SUP142524398",231.039332012475,82
"P27202681","SUP136665271",20.6358845032281,41
"P47491099","SUP179344382",101.299835421657,39
"P23115354","SUP136665271",6.06058462981356,34
"P77561744","SUP195184466",99.3443413555562,53
"P51373352","SUP135710883",12.649261861779,28
"P33372053","SUP284008125",247.466936391769,75
"P12478111","SUP224448032",124.334682958508,53
"P74822795","SUP122284583",118.336691883111,94
"P57427090","SUP169767088",127.237935814287,27
"P13472415","SUP224698208",52.9472310905149,83
"P20734556","SUP195739214",165.21367913593,60
"P28102025","SUP283070800",44.4233548838458,56
"P90503710","SUP305385506",33.7390176342772,56
"P65741732","SUP246730485",651.266666693028,12
"P86575409","SUP146303725",36.2286379424892,79
"P10456729","SUP246839810",93.1316546277744,57
"P98612339","SUP134982297",28.7899841133534,64
"P98132648","SUP576154144",70.3371107123494,53
"P69461901","SUP214873042",119.272742050861,40
"P45199205","SUP169767088",212.818467099441,56
"P31833418","SUP926577248",654.095035688213,61
"P79675714","SUP146303725",41.7223795464262,70
"P16916593","SUP114427716",204.750465625638,29
"P90702913","SUP114427716",688.331369719088,79
"P21121307","SUP247151522",160.684617159113,60
"P13745599","SUP112426010",34.5076439986187,65
"P46931127","SUP100395220",22.71829681896,95
"P64131670","SUP198078780",19.1770970453974,53
"P21441091","SUP154356472",95.8341321425755,53
"P63569529","SUP267200255",127.575016246398,67
"P47172400","SUP828561200",66.6618957333232,43
"P61447074","SUP293268870",201.040759476993,79
"P56993765","SUP159407557",45.6440589911975,83
"P78289944","SUP195184466",79.294199119733,16
"P46637021","SUP270987025",586.870673459676,26
"P99842537","SUP204457471",80.7774251058195,49
"P48296294","SUP270987025",540.557308163866,62
"P14744963","SUP243659080",108.577852343942,46
"P99335403","SUP251586871",86.9830550446878,88
"P36837066","SUP203374023",127.24599589394,90
"P82814085","SUP133509984",387.450245550272,24
"P36928752","SUP156300936",89.7636805678171,54
"P11281448","SUP218582517",108.680047616226,58
"P64884205","SUP259593110",8.82478776609886,90
"P33926222","SUP280438548",27.3463785770202,30
"P45199205","SUP146303725",212.999690439596,39
"P31796113","SUP113427036",153.459983817468,45
"P56729689","SUP265269126",174.633016226918,63
"P60375192","SUP131406229",196.039885870653,75
"P38683780","SUP243659080",221.199851611108,21
"P59867097","SUP795028826",220.64739356893,36
"P93464793","SUP241058304",642.344926106894,76
"P98612339","SUP316833253",29.2729091737769,28
"P76303988","SUP656913471",41.3606348845835,43
"P34927127","SUP122284583",112.204400019618,33
"P69905259","SUP183296109",506.331982501553,45
"P32383673","SUP320400027",123.913678052152,36
"P63569529","SUP186921538",113.579537461646,87
"P77711784","SUP679090552",194.041422731243,49
"P10458194","SUP311982157",37.7103654546469,58
"P62536520","SUP141435801",133.605943664856,94
"P59416778","SUP488169079",81.936416851637,71
"P21857128","SUP695839034",198.360944370387,31
"P71686912","SUP476888678",3.10857003280579,96
"P74774577","SUP154356472",32.4090593957677,33
"P11549408","SUP284008125",188.879536359448,46
"P23115354","SUP303200139",7.58184517357603,45
"P21669181","SUP335813809",115.892899933449,54
"P80579957","SUP102667751",25.1592552588219,68
"P90503710","SUP155467998",31.1290692803282,57
"P82479977","SUP795028826",79.2260348002596,86
"P21857128","SUP226432649",176.486218670711,13
"P55206620","SUP129209784",9.89068565704068,72
"P36329652","SUP114427716",25.2484806344927,25
"P77923787","SUP159126633",629.79739244449,71
"P58474530","SUP232333075",19.4099088515975,32
"P20154366","SUP251725474",25.0430667857006,41
"P47172400","SUP113427036",61.8609807438997,32
"P60375192","SUP125198230",198.312601114415,78
"P67275057","SUP144153284",77.9325392311914,85
"P94668096","SUP136665271",103.810985991638,63
"P83352663","SUP679090552",202.148460975844,92
"P41388769","SUP293926685",183.785983765894,67
"P62685206","SUP204457471",58.7690841790026,25
"P61141902","SUP222889906",115.61230390196,53
"P59757555","SUP218950278",72.88115897165,19
"P36928752","SUP316833253",89.7321549399616,68
"P86673349","SUP258163777",192.012453310027,17
"P48296294","SUP260054113",476.059208902903,72
"P65983555","SUP131299122",29.6214901931658,29
"P95573042","SUP112426010",105.366115716379,27
"P36329652","SUP185486546",28.8127211014805,47
"P77216116","SUP424904370",199.251207427161,40
"P99996011","SUP290451107",290.109149343568,43
"P18722193","SUP134982297",55.2751431547988,58
"P38753116","SUP226905544",280.22182995753,68
"P92803982","SUP195184466",6.94924974283855,100
"P85664224","SUP129224270",232.675646503926,85
"P34297538","SUP259205684",140.478974395886,86
"P67803963","SUP267200255",6.67363040761615,37
"P94622945","SUP311982157",102.374152274381,59
"P62423978","SUP272155500",131.456340430064,37
"P59867097","SUP290451107",187.380947279419,53
"P83352663","SUP151971428",245.996635569752,16
"P79675714","SUP272769681",37.8604866495618,83
"P30536604","SUP107618171",39.9919008773863,81
"P37952537","SUP243659080",294.275897575259,85
"P70205893","SUP283070800",46.348293502599,55
"P16785909","SUP695839034",231.193593354245,41
"P16916593","SUP246730485",187.326115652986,94
"P81392925","SUP581298570",237.636455696302,67
"P69882716","SUP339148131",249.372688818962,28
"P52957471","SUP178275560",87.5840744636943,97
"P81774707","SUP131798677",95.159827380304,82
"P49751701","SUP242348575",184.335483293325,17
"P54713302","SUP131798677",195.560364797306,99
"P63223251","SUP185486546",255.399213591619,50
"P15957424","SUP293926685",15.4491522883576,51
"P31286465","SUP294192046",162.993772549839,48
"P50833741","SUP195184466",5.22274621608993,32
"P44807534","SUP200579943",255.281854352222,36
"P71694575","SUP760221969",269.853010256078,13
"P63569529","SUP224698208",113.866608332074,43
"P22906576","SUP114427716",754.180310384832,35
"P86402575","SUP820077324",13.8757013026568,56
"P26262802","SUP695839034",158.223296529012,73
"P36735621","SUP226432649",22.1025533156436,74
"P13981213","SUP173547559",49.0008378305248,80
"P19935373","SUP133509984",78.1686348441818,26
"P49267362","SUP172597346",71.2264472967407,52
"P62536520","SUP258163777",140.407060225861,45
"P52957471","SUP203374023",88.4364252294393,47
"P69461901","SUP264619357",110.524809271136,93
"P99996011","SUP130095879",308.552622734528,69
"P92929889","SUP201639405",86.6547847241936,26
"P83414248","SUP290964838",178.087908571126,73
"P40447819","SUP201639405",15.3143001330271,68
"P92965614","SUP160985008",80.6507098127011,35
"P56508579","SUP132825464",108.413073967854,90
"P16214409","SUP293268870",41.5830438648717,41
"P14375300","SUP191864249",95.805433675199,99
"P15957424","SUP226905544",18.6485880655003,80
"P66191469","SUP256273530",285.83329413662,78
"P24518204","SUP275620523",563.108021740757,38
"P53696947","SUP159432385",195.098747119742,97
"P13508452","SUP260054113",225.094330723843,30
"P53438658","SUP160985008",180.136524915066,57
"P42945843","SUP155467998",16.941353628289,94
"P44893051","SUP247151522",103.000682915823,46
"P37952537","SUP106937126",281.326645335016,20
"P90263233","SUP272155500",117.381463419378,67
"P39731603","SUP182315671",265.102613577902,96
"P31286465","SUP325358843",170.201972895652,20
"P66719343","SUP581298570",137.291690411224,96
"P37231300","SUP295630905",120.403888434673,31
"P77451807","SUP117295279",331.837524075427,26
"P82479977","SUP316833253",73.9175402463118,88
"P82197036","SUP337535546",801.049831026144,43
"P42945843","SUP228032136",19.0833708751043,82
"P89555698","SUP203374023",123.679570760905,44
"P66191469","SUP290451107",246.211924732139,13
"P85472117","SUP695839034",22.5843493380934,50
"P15931711","SUP141435801",96.3642142433799,84
"P56248922","SUP207257196",194.405648368813,92
"P10188164","SUP273951622",109.657992089614,50
"P75518282","SUP840378313",412.203672710476,51
"P75528934","SUP292038086",232.738656535561,25
"P10603435","SUP112214886",477.195402143162,22
"P39805594","SUP259205684",68.6476393009136,33
"P53696947","SUP106937126",255.223995626801,95
"P16214409","SUP232333075",42.7005710877059,86
"P37952537","SUP216261676",247.386725600741,56
"P53133956","SUP183296109",165.476646481481,13
"P52784962","SUP325358843",326.443454187245,81
"P15499527","SUP272155500",185.658286455258,19
"P33926222","SUP154356472",24.3140217077876,46
"P81392925","SUP166618280",287.476746573714,27
"P43542510","SUP144153284",115.488192898699,87
"P26594134","SUP274260887",121.935292470523,31
"P32383673","SUP443090128",148.530068145458,28
"P41899275","SUP228032136",10.6204298824616,92
"P92803982","SUP122284583",7.82671064997744,59
"P14375300","SUP112426010",101.220634955843,47
"P10975669","SUP173547559",85.573168405652,49
"P47165693","SUP892567108",197.486066070186,16
"P54574264","SUP185486546",443.268433806831,45
"P37558138","SUP290964838",36.7491904832673,21
"P70523514","SUP488169079",67.3253393491869,19
"P95393997","SUP155078486",199.022936332578,69
"P52957471","SUP113427036",97.6149343867928,19
"P19729934","SUP201639405",43.5182535848722,88
"P15658644","SUP588129541",235.499168882178,83
"P92909603","SUP207257196",25.746370467665,84
"P37294983","SUP463149069",18.2065360560098,53
"P86402575","SUP155467998",16.2475564392011,70
"P47948162","SUP202756351",21.223055431213,63
"P66191469","SUP135411427",280.537129383658,75
"P29264607","SUP243659080",188.106561717615,42
"P82814085","SUP337535546",429.376776495792,30
"P64927743","SUP820077324",17.0396099835655,28
"P82284372","SUP232115291",178.223244251129,88
"P78289944","SUP191864249",85.1857747974258,54
"P33452207","SUP117295279",294.996455412996,15
"P97429604","SUP293926685",232.843163695464,76
"P64884205","SUP186921538",9.08596293659834,99
"P32219071","SUP179344382",66.206555881699,45
"P54252623","SUP265977472",45.2201732714251,83
"P17981239","SUP135411427",262.303974545806,76
"P70126000","SUP133235870",132.447426081389,13
"P92217517","SUP144153284",46.8819099031538,47
"P65741732","SUP284008125",492.45331916392,88
"P91465745","SUP795028826",147.842774947288,48
"P89694349","SUP146303725",185.698650679019,75
"P32897218","SUP186921538",67.2129283629134,97
"P70177835","SUP179344382",5.84240866852016,22
"P52204796","SUP391286527",252.006674070201,72
"P45626479","SUP132315598",30.6878159727515,33
"P47988011","SUP265977472",75.6941610146295,79
"P40833003","SUP241058304",238.462534349613,75
"P92929889","SUP136665271",96.8047678716555,39
"P54252623","SUP303365953",39.235698773175,21
"P66752896","SUP335813809",61.9571363092482,99
"P31286465","SUP463149069",166.271459594535,50
"P27202681","SUP157544725",26.6346630823887,68
"P51338421","SUP293926685",77.2391497478187,53
"P69127521","SUP287888056",591.715258653571,11
"P63223251","SUP247151522",289.766479742299,69
"P44114070","SUP179344382",66.7454807923213,52
"P39885819","SUP155078486",187.325439511147,50
"P56248922","SUP164456819",225.721103737584,65
"P80579957","SUP283355172",25.6678605548213,85
"P47988011","SUP261309764",75.2382281729747,74
"P66459393","SUP588129541",280.471121146381,36
"P37231300","SUP169767088",134.301711836934,43
"P42945843","SUP136665271",18.906184385296,59
"P46637021","SUP275620523",677.268055135353,48
"P92792924","SUP224698208",23.9572132919594,37
"P82406876","SUP146303725",6.1502038569306,78
"P82906066","SUP359315989",63.5050455684982,56
"P86575409","SUP249760074",44.7315768735369,38
"P94668096","SUP144153284",99.8482966407949,63
"P83352663","SUP581298570",245.815459262513,30
"P32414713","SUP668506718",156.24562199806,78
"P76573321","SUP224698208",96.1068278626206,21
"P93464793","SUP114427716",659.752440911139,45
"P85487175","SUP335813809",174.293543490752,77
