"Product_id","Customer_id","Supplier_id","Order_details_id","Order_transaction_date","Order_quantity"
"P36992527","CUS2807734871","SUP251725474","ORD0854269302",2022-11-03,25
"P59867097","CUS1503010945","SUP795028826","ORD1804608827",2022-01-16,72
"P23854089","CUS5434348680","SUP227734170","ORD8526119074",2021-02-12,52
"P68152097","CUS3774712077","SUP188795951","ORD5223844258",2022-12-10,74
"P47662918","CUS9540043492","SUP283070800","ORD7937481405",2021-09-01,74
"P91404938","CUS1237854598","SUP581298570","ORD3774649496",2022-04-26,24
"P37161903","CUS7737023682","SUP892567108","ORD3713914158",2020-11-21,16
"P95573042","CUS6127546869","SUP204457471","ORD4284710757",2022-09-11,39
"P78537269","CUS7625017567","SUP232333075","ORD3539770842",2021-12-10,72
"P97429604","CUS1184609888","SUP224448032","ORD1642180288",2022-02-13,7
"P69127521","CUS0319296857","SUP424904370","ORD3808015888",2022-07-07,26
"P77711784","CUS4723959378","SUP151690213","ORD0447575242",2021-04-01,23
"P62423978","CUS9864704958","SUP156300936","ORD3483040676",2020-08-05,58
"P28102025","CUS7852288898","SUP283070800","ORD1323373686",2021-10-09,55
"P92615078","CUS1505369800","SUP214873042","ORD7119371811",2022-03-31,63
"P13287051","CUS0571104967","SUP136871057","ORD8232233222",2020-01-24,49
"P49439033","CUS9022768252","SUP170774484","ORD4753786212",2021-12-10,38
"P44213668","CUS4516834154","SUP293926685","ORD8880264826",2022-03-17,94
"P56656400","CUS1503010945","SUP330356313","ORD9666381076",2022-11-19,89
"P52204796","CUS6230833417","SUP391286527","ORD7404492395",2022-04-29,96
"P28441437","CUS6553843783","SUP198135621","ORD8232233222",2020-01-31,30
"P99996011","CUS3213558575","SUP262728222","ORD6636879271",2020-06-25,12
"P58474530","CUS0657777080","SUP293268870","ORD5148729481",2020-07-22,47
"P91362711","CUS2447657889","SUP100395220","ORD9860844942",2020-04-17,8
"P62536520","CUS8533754787","SUP265269126","ORD1804608827",2020-07-22,83
"P20154366","CUS8833486273","SUP163462750","ORD4284710757",2022-06-09,94
"P13263309","CUS8430998942","SUP155078486","ORD8880264826",2021-10-31,61
"P18722193","CUS8607938576","SUP134982297","ORD7909548832",2020-02-07,84
"P19197874","CUS6529473769","SUP122284583","ORD4410398890",2021-12-14,37
"P98984468","CUS2684721181","SUP284008125","ORD0900030772",2020-04-24,34
"P82514309","CUS2798134854","SUP289814149","ORD3418629230",2022-09-19,56
"P65451355","CUS2528958110","SUP121271196","ORD0227538030",2021-03-20,99
"P80123273","CUS4743094178","SUP248372052","ORD8682059844",2021-02-10,96
"P10456729","CUS6063653236","SUP164456819","ORD1915986209",2020-03-21,48
"P64884205","CUS9070484285","SUP259593110","ORD0614892300",2022-03-02,68
"P75528934","CUS8165961500","SUP284017038","ORD6739546265",2020-06-08,39
"P17909696","CUS7849827244","SUP241058304","ORD7244642773",2021-05-30,71
"P25448652","CUS3587428794","SUP288993955","ORD1046440924",2020-09-06,85
"P20154366","CUS9070484285","SUP221499522","ORD5770933481",2021-11-01,83
"P89896259","CUS7625017567","SUP689350546","ORD0313825711",2022-09-24,18
"P41388769","CUS5999378761","SUP293926685","ORD3603194246",2021-04-14,83
"P36381999","CUS6033136586","SUP273951622","ORD9957709966",2022-06-11,5
"P99335403","CUS1266469931","SUP251586871","ORD9710202296",2021-12-08,40
"P44116414","CUS9174492152","SUP248372052","ORD8222488673",2020-08-16,64
"P20154366","CUS3997888787","SUP221499522","ORD9807669296",2020-01-17,9
"P81729199","CUS6959930510","SUP228032136","ORD7318896260",2022-02-16,86
"P29795820","CUS3432315376","SUP159432385","ORD7247479107",2022-09-15,45
"P75862291","CUS9267696068","SUP107618171","ORD0510401040",2020-02-20,30
"P99371696","CUS2788741928","SUP274260887","ORD7241551522",2020-08-30,96
"P70523514","CUS1505369800","SUP224448032","ORD8968497189",2020-05-22,35
"P62778148","CUS7802489601","SUP251586871","ORD9953962934",2022-02-20,30
"P55495888","CUS8500356774","SUP182315671","ORD9792466572",2022-04-07,83
"P90537720","CUS1887686843","SUP142524398","ORD3739044721",2020-07-22,60
"P20154366","CUS5428326506","SUP334920424","ORD5630371228",2021-03-10,67
"P20734556","CUS4743094178","SUP248372052","ORD7909548832",2020-12-11,18
"P38753116","CUS4084509183","SUP226905544","ORD5444245416",2020-09-25,76
"P50505190","CUS4858770729","SUP288993955","ORD0740608161",2022-10-31,63
"P40447819","CUS8184312334","SUP303365953","ORD6365517224",2022-03-07,68
"P39121645","CUS7956951259","SUP151805265","ORD8339338942",2020-01-17,61
"P17137437","CUS5556098751","SUP945668282","ORD0697355202",2022-07-03,4
"P50833741","CUS8695167410","SUP668506718","ORD5582613528",2020-11-04,40
"P41388769","CUS8657017555","SUP142663161","ORD7478626274",2020-05-17,98
"P29795820","CUS3207134734","SUP159432385","ORD9177842114",2022-11-22,43
"P59416778","CUS2278353411","SUP106937126","ORD8380457878",2020-10-29,56
"P37952537","CUS6073283601","SUP106937126","ORD6034196033",2021-03-08,29
"P52756652","CUS1981571663","SUP286527883","ORD5345633387",2022-04-25,62
"P73777011","CUS1960983865","SUP241058304","ORD6480638177",2022-07-29,68
"P36928752","CUS2359915207","SUP325358843","ORD2891483653",2022-09-19,15
"P18572795","CUS3187741517","SUP222889906","ORD2929992074",2022-05-03,98
"P36329652","CUS1278280324","SUP840378313","ORD9807669296",2021-10-12,65
"P41232863","CUS8393010047","SUP424904370","ORD0205353500",2022-04-17,30
"P91263430","CUS9081937030","SUP142663161","ORD4164026020",2022-09-26,54
"P37952537","CUS7369563022","SUP106937126","ORD2043451253",2021-11-04,79
"P84977995","CUS1266469931","SUP117295279","ORD8104601740",2021-09-04,81
"P58591848","CUS0964175193","SUP272155500","ORD2279853967",2021-09-18,50
"P44114070","CUS6063653236","SUP303365953","ORD7482638587",2021-01-17,27
"P40833003","CUS6604501000","SUP714146417","ORD1487849001",2022-10-06,40
"P56508579","CUS6136461064","SUP391286527","ORD5373467986",2021-08-23,3
"P11549408","CUS2605351815","SUP251586871","ORD0569646080",2021-12-07,8
"P41608676","CUS2740649282","SUP132254606","ORD6010511401",2021-04-18,20
"P80123273","CUS3742255150","SUP207257196","ORD6739546265",2020-11-17,37
"P65741732","CUS0470847441","SUP247151522","ORD8349911089",2020-06-12,82
"P92615078","CUS1960983865","SUP264619357","ORD9710202296",2020-08-03,17
"P39805594","CUS1033604496","SUP335813809","ORD8476665586",2021-12-23,41
"P22744492","CUS9831686721","SUP316833253","ORD0313825711",2021-02-11,82
"P66752896","CUS4723638601","SUP131406229","ORD6480638177",2021-12-20,69
"P26262802","CUS4974751867","SUP695839034","ORD8526119074",2020-07-12,21
"P62778148","CUS1810770173","SUP287888056","ORD3753807884",2021-02-23,83
"P78537269","CUS1035613352","SUP151690213","ORD8968497189",2020-12-07,25
"P41899275","CUS1821902440","SUP132315598","ORD7275331200",2022-11-20,75
"P56907959","CUS2798134854","SUP689350546","ORD9813746734",2020-06-01,72
"P23504091","CUS2348169959","SUP183296109","ORD5093740806",2020-05-01,6
"P96258197","CUS9648108056","SUP178309329","ORD3984949899",2021-10-16,61
"P66752896","CUS9286975155","SUP795028826","ORD2525988438",2022-12-05,36
"P99335403","CUS5050117607","SUP247151522","ORD1905776021",2022-05-16,7
"P98984468","CUS6959930510","SUP284008125","ORD9703051595",2022-08-02,35
"P33372053","CUS6959930510","SUP284008125","ORD6510384437",2022-01-02,55
"P15957424","CUS7611770675","SUP106937126","ORD5805596070",2021-07-25,68
"P52784962","CUS8850149883","SUP325358843","ORD0900030772",2022-11-26,55
"P99842537","CUS6073283601","SUP204457471","ORD9560276399",2020-08-18,95
"P92615078","CUS8787145480","SUP214873042","ORD4656591555",2021-08-12,48
"P32897218","CUS0571791123","SUP186921538","ORD1614388374",2021-07-02,56
"P94819787","CUS5871683185","SUP241058304","ORD9048518694",2020-03-28,98
"P66288623","CUS6643222508","SUP159432385","ORD9560276399",2022-05-14,8
"P47602968","CUS2416141813","SUP325358843","ORD6457532426",2020-12-17,63
"P34169033","CUS7476133226","SUP102667751","ORD7487164435",2022-03-09,86
"P45507004","CUS9969399977","SUP926577248","ORD9961067836",2020-10-09,75
"P45626009","CUS8268237988","SUP151690213","ORD2255646024",2020-04-05,54
"P10456729","CUS5871683185","SUP169767088","ORD0510401040",2020-01-13,61
"P46386620","CUS0283852631","SUP159432385","ORD6821335843",2020-01-19,12
"P56907959","CUS8565490017","SUP689350546","ORD2929992074",2020-09-09,29
"P37231300","CUS2738440495","SUP198078780","ORD5117450881",2022-11-21,60
"P22744492","CUS9092322512","SUP322365865","ORD6177093439",2020-08-24,72
"P64131670","CUS4974751867","SUP711474158","ORD1087221596",2022-06-21,17
"P40447819","CUS0056803036","SUP303365953","ORD9337492214",2021-06-07,27
"P47602968","CUS0198907958","SUP339148131","ORD3721953275",2021-03-03,10
"P53378526","CUS0319296857","SUP828561200","ORD4722530626",2021-05-14,38
"P86402575","CUS6533017829","SUP267200255","ORD1323373686",2021-03-18,91
"P21669181","CUS5071448645","SUP178309329","ORD2891483653",2021-08-27,74
"P98612339","CUS4512520449","SUP463149069","ORD6888071028",2020-08-18,88
"P11281448","CUS2471316379","SUP264619357","ORD9359591862",2020-12-16,36
"P84977995","CUS9984735494","SUP313562672","ORD5621317019",2021-01-03,13
"P28501207","CUS2602615323","SUP241058304","ORD4383782871",2020-07-05,44
"P21669181","CUS6906889680","SUP335813809","ORD6636879271",2021-02-01,74
"P10668278","CUS0755718399","SUP133235870","ORD3931910938",2020-10-07,96
"P14994695","CUS2942879726","SUP463149069","ORD0322509310",2020-04-27,23
"P39121645","CUS5699587551","SUP151805265","ORD9796136530",2020-01-17,74
"P49965352","CUS3656326665","SUP259205684","ORD6997315700",2022-10-14,70
"P96258197","CUS3610620455","SUP316833253","ORD6746889039",2022-06-25,95
"P92881101","CUS4109780195","SUP135411427","ORD8121120856",2022-05-28,8
"P58591848","CUS6451777102","SUP290451107","ORD3838289040",2022-12-24,9
"P34139616","CUS4164213167","SUP265977472","ORD7909548832",2021-10-19,72
"P43542510","CUS1271951401","SUP136665271","ORD1601988270",2021-02-10,69
"P51502320","CUS8787145480","SUP221499522","ORD7973831787",2020-05-27,49
"P56508579","CUS3008391796","SUP262728222","ORD1901706290",2020-08-31,36
"P48296294","CUS3590959622","SUP159126633","ORD1894711145",2021-03-09,50
"P31449565","CUS2605351815","SUP609867193","ORD7691664086",2020-08-17,70
"P71411966","CUS8533754787","SUP293268870","ORD0740608161",2020-07-04,12
"P54446208","CUS2447947690","SUP129224270","ORD9031329275",2022-07-15,61
"P44116414","CUS7737023682","SUP195739214","ORD6888071028",2020-07-27,17
"P94875199","CUS3095772874","SUP221499522","ORD2070169591",2022-11-07,67
"P45586681","CUS5071448645","SUP135710883","ORD7409726557",2020-05-31,57
"P37231300","CUS5060359840","SUP241830593","ORD9076455006",2020-05-11,26
"P75537732","CUS9174492152","SUP100395220","ORD3713914158",2022-03-15,47
"P41232863","CUS1684524008","SUP424904370","ORD5427894157",2021-06-11,20
"P32219071","CUS2798134854","SUP179344382","ORD7059684808",2022-06-21,92
"P89117870","CUS1944134514","SUP229604884","ORD7266997350",2021-01-02,1
"P39731603","CUS7476133226","SUP297518437","ORD1888016254",2022-08-12,15
"P78289944","CUS8056145044","SUP668506718","ORD0205353500",2020-11-06,29
"P40373788","CUS9571295957","SUP113427036","ORD7877046943",2022-01-23,61
"P80579957","CUS3879310602","SUP293268870","ORD6177093439",2021-04-15,12
"P82197036","CUS5208397536","SUP689350546","ORD3708829666",2021-10-04,5
"P11732301","CUS8328430479","SUP178275560","ORD5766664698",2021-04-18,39
"P41945186","CUS8393010047","SUP292038086","ORD1719864118",2021-11-12,33
"P89896259","CUS6569967630","SUP198135621","ORD5590930529",2021-11-05,82
"P18156345","CUS7150735614","SUP284017038","ORD2747685031",2022-11-14,75
"P61447074","CUS4576186825","SUP293268870","ORD0406880027",2021-04-06,3
"P28501207","CUS7281872801","SUP114427716","ORD2894463576",2022-10-21,29
"P92615078","CUS3774712077","SUP609867193","ORD8222488673",2020-05-23,91
"P37952537","CUS2685664459","SUP985993581","ORD9101661720",2020-01-10,87
"P98273360","CUS1139922009","SUP259205684","ORD0913621949",2021-12-15,90
"P47602968","CUS6588182066","SUP656913471","ORD5538516263",2022-07-17,23
"P30536604","CUS1224241754","SUP221499522","ORD8385988624",2020-09-26,87
"P42945843","CUS1062242815","SUP228032136","ORD0322509310",2022-04-13,81
"P22747490","CUS5597522949","SUP100395220","ORD9536392376",2021-12-23,30
"P33372053","CUS1684524008","SUP284008125","ORD5658167113",2022-07-16,96
"P92881101","CUS8929728499","SUP191089540","ORD0718737178",2020-09-09,74
"P21268228","CUS9510634700","SUP179344382","ORD9429363734",2021-11-20,38
"P92929889","CUS1139922009","SUP136665271","ORD7939621469",2022-10-07,70
"P26826691","CUS8530307291","SUP100395220","ORD7557580380",2021-05-28,57
"P48524041","CUS1718770766","SUP209531516","ORD9666381076",2021-05-16,87
"P56248922","CUS1941235468","SUP246839810","ORD0389606842",2020-09-30,52
"P12478111","CUS3008391796","SUP423480280","ORD1323373686",2021-12-30,24
"P78537269","CUS0760478201","SUP226432649","ORD5803622239",2022-02-08,70
"P37231300","CUS9941716374","SUP295630905","ORD5173457215",2021-11-04,48
"P26262802","CUS5339510921","SUP166618280","ORD3253666159",2021-04-01,41
"P64927743","CUS1505369800","SUP259593110","ORD2769495107",2021-09-03,58
"P70867799","CUS7749762299","SUP158785898","ORD5538516263",2020-02-08,57
"P82197036","CUS5797193868","SUP337535546","ORD8101102389",2021-11-27,36
"P37952537","CUS8483181592","SUP216261676","ORD4722530626",2021-10-25,87
"P49267362","CUS9838711381","SUP985993581","ORD3838289040",2021-07-29,35
"P95476550","CUS3294276060","SUP160985008","ORD7914698705",2021-08-02,54
"P53426774","CUS7749762299","SUP216261676","ORD5582613528",2022-10-02,10
"P15658644","CUS4974751867","SUP284017038","ORD9085134267",2022-12-24,100
"P67275057","CUS5317230608","SUP334920424","ORD9953962934",2022-12-30,34
"P13472415","CUS8192585018","SUP251725474","ORD7456919071",2022-06-03,53
"P41914107","CUS8500356774","SUP251586871","ORD5117450881",2022-05-13,6
"P52756652","CUS8203400094","SUP286527883","ORD4599333506",2022-08-24,17
"P92615078","CUS7487565920","SUP609867193","ORD5491875137",2020-12-07,77
"P18919292","CUS8483181592","SUP221499522","ORD4267881782",2021-05-18,67
"P91809454","CUS3559268826","SUP656913471","ORD2574390856",2021-02-23,81
"P61429599","CUS8071851191","SUP828561200","ORD5733190791",2022-04-10,2
"P81774707","CUS8214379040","SUP209531516","ORD7870079357",2020-01-25,11
"P15397235","CUS0052193721","SUP272769681","ORD5278851561",2021-08-18,75
"P91362711","CUS8548635932","SUP261309764","ORD7132155733",2022-03-29,29
"P29814122","CUS5875002794","SUP203374023","ORD5345633387",2021-04-13,68
"P56248922","CUS9267696068","SUP248372052","ORD9807669296",2021-09-27,70
"P56248922","CUS4516834154","SUP169767088","ORD3984928074",2021-10-14,39
"P77216116","CUS9516473423","SUP424904370","ORD2426252134",2020-04-23,13
"P26262802","CUS5482378098","SUP695839034","ORD6901688390",2022-10-21,42
"P89694349","CUS0706018877","SUP146303725","ORD7456919071",2022-12-14,72
"P62536520","CUS5251958803","SUP141435801","ORD2958995282",2020-04-25,94
"P81774707","CUS8018090254","SUP284017038","ORD8101102389",2022-07-10,83
"P19935373","CUS0706018877","SUP133509984","ORD5213488605",2020-03-17,42
"P17909696","CUS0591702428","SUP246730485","ORD0168018095",2022-03-27,63
"P48296294","CUS8301598824","SUP183296109","ORD5480831621",2022-04-29,85
"P91362711","CUS5658663180","SUP100395220","ORD7552495920",2020-09-23,58
"P85664224","CUS6115978602","SUP129224270","ORD9860844942",2022-06-19,44
"P89611215","CUS1224241754","SUP121271196","ORD0830923572",2022-03-02,58
"P76459907","CUS6451777102","SUP241830593","ORD0745545185",2020-01-18,59
"P81375409","CUS8833486273","SUP129209784","ORD1601988270",2021-11-30,84
"P67803963","CUS0485335336","SUP135710883","ORD6282751097",2020-08-25,40
"P40447819","CUS8442491759","SUP201639405","ORD7807431018",2020-03-19,27
"P69694346","CUS6282311217","SUP229604884","ORD6220590615",2021-10-20,27
"P14994695","CUS4251676912","SUP463149069","ORD2279853967",2021-11-07,29
"P22744492","CUS5208397536","SUP391286527","ORD4665963888",2022-08-27,41
"P13868012","CUS7254144612","SUP203120380","ORD5213488605",2020-01-18,94
"P78217241","CUS3742255150","SUP303365953","ORD2319406068",2020-11-22,91
"P19201199","CUS9117120543","SUP840378313","ORD4464184022",2021-08-31,46
"P36308399","CUS0040865932","SUP203374023","ORD1369384438",2020-04-21,95
"P91809454","CUS8828294876","SUP339148131","ORD0432091114",2020-11-01,50
"P80123273","CUS3008391796","SUP207257196","ORD2425496179",2020-01-26,68
"P46637021","CUS6540175744","SUP275620523","ORD9101661720",2022-09-24,68
"P11732301","CUS1539654281","SUP226432649","ORD8385988624",2020-03-17,100
"P10603435","CUS0470847441","SUP112214886","ORD1438459501",2022-02-07,49
"P36308399","CUS9705290881","SUP203374023","ORD6177262429",2022-11-05,63
"P28501207","CUS0571791123","SUP114427716","ORD4309056043",2022-05-01,36
"P28501207","CUS4496777215","SUP114427716","ORD2510774225",2021-05-05,56
"P16214409","CUS8184312334","SUP203374023","ORD1087221596",2021-11-23,1
"P15957424","CUS5556098751","SUP226905544","ORD6402388493",2021-01-13,23
"P23885151","CUS3928836587","SUP262728222","ORD8880264826",2022-12-12,17
"P69461901","CUS8483181592","SUP264619357","ORD0158153054",2021-10-30,24
"P43542510","CUS7625017567","SUP144153284","ORD9536392376",2020-02-06,74
"P68152097","CUS7625017567","SUP188795951","ORD6864581506",2020-05-21,9
"P57427090","CUS2788741928","SUP338902121","ORD6010511401",2021-10-08,27
"P13745599","CUS6115978602","SUP112426010","ORD0851817634",2020-11-11,21
"P77561744","CUS0485335336","SUP265269126","ORD2574390856",2022-03-12,4
"P38683780","CUS1946317063","SUP132825464","ORD5766664698",2022-07-03,25
"P42146558","CUS1540707172","SUP218950278","ORD3235220079",2022-01-21,63
"P45626009","CUS6477486903","SUP151690213","ORD0447575242",2020-11-17,2
"P63223251","CUS5378986729","SUP185486546","ORD3418629230",2022-03-20,3
"P99996011","CUS1091430837","SUP290451107","ORD1601988270",2020-01-09,47
"P92246999","CUS8393010047","SUP260762356","ORD4324442519",2020-10-03,43
"P54574264","CUS7369563022","SUP714146417","ORD2951237895",2021-05-24,38
"P98273360","CUS1022762222","SUP322365865","ORD1915986209",2021-11-11,39
"P95573042","CUS3341141308","SUP258163777","ORD4595341868",2022-08-29,11
"P38449378","CUS8268237988","SUP136665271","ORD9370187551",2021-04-30,57
"P52204796","CUS6063653236","SUP325358843","ORD5085425395",2020-07-26,60
"P89611215","CUS5915549969","SUP320400027","ORD4127078622",2021-06-18,15
"P59867097","CUS1139922009","SUP290451107","ORD0567798328",2020-07-02,71
"P58223547","CUS6477486903","SUP261309764","ORD6551829431",2022-06-13,21
"P10593981","CUS9400284608","SUP170774484","ORD9415363436",2021-10-21,34
"P62744404","CUS1033604496","SUP173547559","ORD4284710757",2022-12-12,76
"P50505190","CUS5028293112","SUP288993955","ORD1636087300",2021-07-15,60
"P82197036","CUS3610620455","SUP689350546","ORD2255646024",2020-11-09,59
"P23969997","CUS9117120543","SUP122284583","ORD6579004634",2022-06-04,58
"P95476550","CUS6540175744","SUP160985008","ORD6010511401",2020-06-04,19
"P88568858","CUS0783483473","SUP248372052","ORD3540807879",2022-03-17,40
"P69461901","CUS2301646262","SUP214873042","ORD8339338942",2022-07-19,18
"P42146558","CUS0793735084","SUP160985008","ORD6143882797",2021-09-21,19
"P46637021","CUS2345324414","SUP198955567","ORD2415001770",2022-02-22,34
"P13745599","CUS6634254907","SUP359315989","ORD2282983736",2020-02-10,53
"P15957424","CUS3879310602","SUP316833253","ORD7404492395",2020-11-05,95
"P84977995","CUS9838711381","SUP313562672","ORD5651897816",2021-10-18,70
"P56508579","CUS3085649263","SUP512101375","ORD8904250842",2022-01-27,70
"P16214409","CUS9861275711","SUP203374023","ORD5572176813",2021-07-28,84
"P70867799","CUS8641966102","SUP158785898","ORD9961067836",2022-02-24,70
"P37294983","CUS6451777102","SUP463149069","ORD1289892069",2020-06-03,25
"P92792924","CUS8833486273","SUP820077324","ORD9638764410",2020-03-26,54
"P82479977","CUS6981244861","SUP262728222","ORD0830923572",2020-05-29,57
"P56729689","CUS7150735614","SUP218950278","ORD7168517696",2020-01-27,100
"P41914107","CUS3341141308","SUP284008125","ORD2070169591",2022-05-15,13
"P88568858","CUS0181978083","SUP248372052","ORD1045261800",2021-06-25,19
"P47988011","CUS7281872801","SUP261309764","ORD4858805870",2021-12-04,70
"P29518596","CUS1477493816","SUP166618280","ORD3632168480",2022-06-08,97
"P87409930","CUS5699587551","SUP133509984","ORD0851817634",2021-06-19,82
"P11732301","CUS6017977172","SUP226432649","ORD0250163877",2021-12-22,63
"P41914107","CUS2485623783","SUP129224270","ORD7973831787",2020-06-04,81
"P56248922","CUS0755718399","SUP248372052","ORD3984949899",2021-12-27,64
"P90925914","CUS4009023279","SUP134982297","ORD7303584175",2020-07-24,5
"P80167548","CUS3742255150","SUP249760074","ORD5345633387",2021-06-10,53
"P75853556","CUS8192585018","SUP284017038","ORD9449354267",2020-05-29,66
"P59852909","CUS0666815798","SUP154356472","ORD4324442519",2022-06-15,3
"P32414713","CUS8565490017","SUP241830593","ORD2070169591",2022-07-14,29
"P44114070","CUS4109780195","SUP303365953","ORD6363263731",2022-12-13,34
"P92881101","CUS9864704958","SUP280438548","ORD4052042447",2022-04-08,74
"P17981239","CUS7625017567","SUP135411427","ORD7478603209",2021-01-14,63
"P71686912","CUS0335637140","SUP261309764","ORD0933776242",2022-04-07,7
"P76573321","CUS9267696068","SUP163462750","ORD3539770842",2020-12-07,57
"P76303988","CUS3725458952","SUP188795951","ORD8997801354",2020-12-03,80
"P75862291","CUS8943135270","SUP163462750","ORD5350118066",2020-01-28,51
"P90375591","CUS7644746420","SUP218582517","ORD6579004634",2020-03-02,49
"P46102483","CUS5428326506","SUP251586871","ORD5342402814",2022-09-25,11
"P90375591","CUS2348169959","SUP218582517","ORD3721953275",2021-12-10,17
"P46544797","CUS1235597083","SUP487469056","ORD5663974330",2021-05-23,93
"P51373352","CUS5050117607","SUP135710883","ORD7895214304",2020-06-28,4
"P10668278","CUS3591540900","SUP133235870","ORD6402388493",2020-10-08,19
"P34139616","CUS2807734871","SUP303200139","ORD7059684808",2020-02-04,54
"P19935373","CUS9394629246","SUP133509984","ORD0933776242",2022-11-05,80
"P29264607","CUS9959681238","SUP142663161","ORD7552495920",2022-07-31,39
"P61449978","CUS5844533984","SUP112426010","ORD9638764410",2022-12-28,6
"P77906440","CUS8938067742","SUP157544725","ORD5805596070",2021-06-12,37
"P80167548","CUS5251958803","SUP136871057","ORD4558182354",2020-12-02,7
"P15658644","CUS3568453096","SUP155078486","ORD0312814703",2022-03-15,14
"P56508579","CUS7104554157","SUP391286527","ORD7200719777",2020-08-31,49
"P14994695","CUS1103627856","SUP398474325","ORD0226106710",2022-07-18,88
"P78217241","CUS5797193868","SUP945668282","ORD3614259593",2020-10-07,40
"P47789629","CUS7106439479","SUP170232323","ORD2226155832",2022-10-03,90
"P64927743","CUS7402177998","SUP131299122","ORD8784734140",2020-02-22,92
"P67143596","CUS4349830375","SUP840587209","ORD8385988624",2020-11-03,51
"P13972659","CUS6127546869","SUP261309764","ORD2279853967",2021-04-11,15
"P90263233","CUS8929728499","SUP159407557","ORD3753807884",2020-10-31,44
"P65741732","CUS4164213167","SUP251586871","ORD8752918638",2022-11-19,86
"P44116414","CUS3400479128","SUP248372052","ORD0567798328",2021-01-05,32
"P51502320","CUS6398474783","SUP206423067","ORD5461059312",2022-11-16,48
"P59867097","CUS3381830244","SUP339148131","ORD8784010842",2020-09-23,9
"P17357211","CUS2416141813","SUP187257058","ORD0614892300",2022-10-03,10
"P17357211","CUS7875297680","SUP226432649","ORD0341392452",2021-04-04,74
"P69127521","CUS2740649282","SUP424904370","ORD8455396224",2021-12-18,97
"P18279428","CUS2648820051","SUP576154144","ORD5847957255",2020-05-18,24
"P37231300","CUS5502201872","SUP295630905","ORD1642180288",2020-05-30,17
"P23885151","CUS6401927836","SUP106937126","ORD8919126981",2020-12-13,7
"P69127521","CUS6455635027","SUP424904370","ORD7877046943",2020-11-05,87
"P70523514","CUS0869560840","SUP224448032","ORD7266997350",2022-01-31,28
"P47948162","CUS8184312334","SUP226432649","ORD3162249727",2021-01-20,83
"P45634441","CUS2726733735","SUP322365865","ORD9048518694",2021-12-20,24
"P29795820","CUS4807868241","SUP156300936","ORD5868617447",2022-05-01,94
"P70205893","CUS5487886393","SUP283070800","ORD8269075067",2021-07-11,97
"P92881101","CUS5281413740","SUP191089540","ORD4595341868",2022-07-12,62
"P44423881","CUS0349373345","SUP166618280","ORD9345064503",2020-02-03,42
"P81774707","CUS6398474783","SUP131798677","ORD8380614814",2020-10-09,35
"P75304280","CUS1022762222","SUP224698208","ORD1905776021",2022-07-07,56
"P70126000","CUS5853736426","SUP154356472","ORD5345633387",2021-06-22,100
"P72391139","CUS1979942986","SUP226432649","ORD7314023243",2020-01-16,13
"P75862291","CUS3341141308","SUP107618171","ORD1905776021",2022-11-06,21
"P49439033","CUS3614087298","SUP203374023","ORD1617022582",2021-07-12,16
"P48111266","CUS8189134566","SUP206423067","ORD1876273307",2020-02-16,5
"P41388769","CUS4032403325","SUP224448032","ORD0567798328",2022-08-26,27
"P66719343","CUS3432315376","SUP581298570","ORD9638764410",2020-11-14,95
"P56508579","CUS9400284608","SUP156300936","ORD6372145076",2021-09-02,90
"P71686912","CUS9914827667","SUP476888678","ORD8682059844",2020-01-08,45
"P60205815","CUS1413703178","SUP191864249","ORD5630371228",2021-11-27,75
"P75304280","CUS2807734871","SUP334920424","ORD9242038992",2022-08-04,19
"P50372459","CUS7956951259","SUP335813809","ORD8232233222",2022-02-26,73
"P18572795","CUS9117120543","SUP232115291","ORD5814750606",2021-05-09,82
"P94127213","CUS4974751867","SUP203120380","ORD8380614814",2020-12-05,68
"P11281448","CUS2192393474","SUP264619357","ORD9957709966",2022-03-16,20
"P21268228","CUS2469326311","SUP155467998","ORD1607433528",2022-08-25,26
"P88568858","CUS1237854598","SUP191864249","ORD5638863507",2020-02-16,80
"P53378526","CUS4349830375","SUP113427036","ORD5630371228",2022-07-15,43
"P77451807","CUS7644746420","SUP260054113","ORD7877046943",2021-02-24,6
"P41388769","CUS5251958803","SUP142663161","ORD6282751097",2022-03-22,57
"P46306612","CUS8118856623","SUP262728222","ORD3586735925",2022-03-06,53
"P39294219","CUS2485623783","SUP275620523","ORD7909548832",2022-08-01,72
"P17357211","CUS6697500344","SUP828561200","ORD2103218864",2022-11-13,36
"P66314818","CUS6777628592","SUP476888678","ORD2043451253",2021-11-02,27
"P77923787","CUS0760478201","SUP247151522","ORD0312390301",2020-05-24,19
"P37952537","CUS6127546869","SUP293926685","ORD3347269125",2020-08-31,1
"P96677758","CUS6120903224","SUP259593110","ORD6048689753",2020-06-26,74
"P32531909","CUS1598776894","SUP204457471","ORD8752918638",2022-01-23,29
"P79973603","CUS3611501190","SUP275620523","ORD7409726557",2022-12-18,24
"P28889142","CUS8828294876","SUP820077324","ORD1892489790",2022-06-24,36
"P95393997","CUS4084509183","SUP155078486","ORD6457532426",2021-09-15,4
"P69127521","CUS1103627856","SUP840378313","ORD0913621949",2022-07-19,52
"P56993765","CUS1104107678","SUP512101375","ORD5630371228",2022-07-23,32
"P96472289","CUS3568453096","SUP272769681","ORD1581176401",2022-02-26,80
"P77906440","CUS9861275711","SUP945668282","ORD0401311540",2022-06-05,65
"P67275057","CUS1139922009","SUP334920424","ORD5068822823",2020-07-31,18
"P69127521","CUS2200402813","SUP424904370","ORD1589635275",2021-03-13,51
"P92929889","CUS2740649282","SUP136665271","ORD0933776242",2020-06-13,52
"P37294983","CUS6959930510","SUP224448032","ORD5766664698",2021-03-26,47
"P83389401","CUS3559543533","SUP313562672","ORD6282751097",2020-06-30,74
"P92682355","CUS7932932270","SUP246839810","ORD5482895551",2020-08-23,46
"P86575409","CUS4459886952","SUP249760074","ORD6888071028",2020-01-07,42
"P36928752","CUS2267511320","SUP280438548","ORD8104601740",2020-12-16,61
"P61926913","CUS7797017468","SUP795028826","ORD4190991698",2022-07-14,67
"P39121645","CUS3738427783","SUP151805265","ORD6444320295",2022-08-21,97
"P54574264","CUS3977498797","SUP185486546","ORD1793324990",2021-09-21,63
"P95393997","CUS1760557757","SUP229604884","ORD9703051595",2022-01-13,33
"P23854089","CUS5502201872","SUP227734170","ORD2891483653",2022-06-22,77
"P17981239","CUS3341141308","SUP135411427","ORD3418629230",2021-11-22,7
"P45507004","CUS9510634700","SUP926577248","ORD6372145076",2022-11-12,29
"P34139616","CUS7931155556","SUP100395220","ORD9612448228",2021-03-13,43
"P15499527","CUS8666880597","SUP272155500","ORD9113582540",2022-09-27,73
"P17357211","CUS1974554988","SUP828561200","ORD5829417955",2021-11-26,94
"P17357211","CUS2404338056","SUP581298570","ORD1793324990",2022-09-27,57
"P44423881","CUS0346302390","SUP166618280","ORD3162249727",2022-03-15,5
"P70356262","CUS8929728499","SUP463149069","ORD8784010842",2020-09-23,36
"P50372459","CUS6894273308","SUP154356472","ORD2061866495",2022-12-23,99
"P20674547","CUS5318750257","SUP218582517","ORD0376767373",2021-05-11,19
"P93464793","CUS9081937030","SUP183296109","ORD2626891848",2022-06-23,58
"P91809454","CUS1595300775","SUP339148131","ORD8968497189",2021-03-13,6
"P31886096","CUS6766107200","SUP113427036","ORD7888575083",2022-05-15,71
"P20154366","CUS0342969579","SUP251725474","ORD3566381873",2021-08-29,44
"P65451355","CUS7115252505","SUP121271196","ORD5814750606",2021-09-16,13
"P64884205","CUS3611501190","SUP259593110","ORD8914516649",2022-08-15,53
"P62423978","CUS6282311217","SUP134982297","ORD3636545997",2021-08-12,18
"P30683957","CUS6529473769","SUP286527883","ORD0854269302",2021-05-09,87
"P54252623","CUS1595300775","SUP163462750","ORD5038823034",2022-04-20,86
"P61449978","CUS6544743038","SUP258163777","ORD8855077731",2021-07-02,35
"P20154366","CUS0349373345","SUP251725474","ORD2246327040",2022-03-24,44
"P81554792","CUS7727144401","SUP272155500","ORD7774668035",2020-02-27,85
"P41914107","CUS1237854598","SUP284008125","ORD0851817634",2020-05-15,39
"P34432938","CUS5999378761","SUP136665271","ORD1745126211",2020-03-07,84
"P61449978","CUS5659503039","SUP204457471","ORD8919126981",2022-09-17,50
"P54713302","CUS2715471564","SUP581298570","ORD7452781647",2022-06-22,99
"P78537269","CUS2485623783","SUP151690213","ORD1964340056",2021-02-09,77
"P31833418","CUS6525118174","SUP260909455","ORD6048689753",2021-12-14,79
"P13508452","CUS7002152815","SUP260054113","ORD7858391833",2022-01-14,56
"P96258197","CUS5378986729","SUP290451107","ORD5212771479",2021-06-04,73
"P36381999","CUS7529295578","SUP218950278","ORD1745126211",2021-04-14,27
"P19371997","CUS3085852093","SUP283355172","ORD2061866495",2022-09-27,20
"P22254190","CUS3559543533","SUP251725474","ORD8570490899",2021-03-13,58
"P78289944","CUS6309493817","SUP191864249","ORD1892489790",2021-11-19,29
"P77906440","CUS3213558575","SUP840587209","ORD0312390301",2022-07-01,15
"P23969997","CUS5060359840","SUP232115291","ORD1197371036",2021-01-25,90
"P67275057","CUS1184609888","SUP136665271","ORD5278851561",2022-03-01,87
"P31286465","CUS8560514589","SUP985993581","ORD5572176813",2022-07-11,21
"P91263430","CUS6643222508","SUP243659080","ORD5437356010",2021-10-29,75
"P50372459","CUS8736962228","SUP335813809","ORD6010511401",2021-03-07,41
"P39826195","CUS8533754787","SUP187257058","ORD6132172024",2021-01-20,3
"P53438658","CUS7476133226","SUP272769681","ORD5342402814",2022-01-31,89
"P36928752","CUS1476674221","SUP316833253","ORD3846031860",2020-05-27,43
"P48785223","CUS7797017468","SUP679090552","ORD2510774225",2020-11-02,37
"P48785223","CUS9939781350","SUP283070800","ORD7942287797",2022-09-30,42
"P61839389","CUS4576186825","SUP114427716","ORD3721953275",2022-03-13,27
"P36308399","CUS7984329591","SUP203374023","ORD2510774225",2022-03-13,66
"P82197036","CUS1278280324","SUP185486546","ORD0646711965",2020-03-01,76
"P99996011","CUS4164213167","SUP125198230","ORD6132172024",2021-09-18,78
"P93988828","CUS0869953095","SUP241058304","ORD5850225594",2022-03-08,25
"P98612339","CUS9174492152","SUP339148131","ORD8250944178",2022-10-01,41
"P40291035","CUS2761106970","SUP107618171","ORD7040430374",2021-09-10,37
"P17357211","CUS5699435123","SUP102667751","ORD3566381873",2022-01-19,62
"P17357211","CUS8226959888","SUP576154144","ORD3753807884",2021-05-27,10
"P82479977","CUS7402177998","SUP512101375","ORD3745448398",2021-06-06,49
"P15957424","CUS9540043492","SUP316833253","ORD0205353500",2021-07-05,79
"P77906440","CUS2192393474","SUP305385506","ORD2043451253",2022-09-20,69
"P20154366","CUS0663279968","SUP221499522","ORD3774649496",2020-12-03,13
"P92217517","CUS5281413740","SUP144153284","ORD5278851561",2021-03-01,61
"P85235702","CUS5106823331","SUP275620523","ORD3830532362",2022-02-09,85
"P33342028","CUS5864849154","SUP337535546","ORD5763055628",2022-09-29,67
"P21441091","CUS6995828429","SUP154356472","ORD9076455006",2022-08-15,1
"P41899275","CUS0928204782","SUP305385506","ORD1617022582",2020-04-11,46
"P94668096","CUS1503010945","SUP136665271","ORD8380614814",2021-02-23,50
"P41945186","CUS7727144401","SUP284017038","ORD7132155733",2020-01-02,99
"P37952537","CUS7732034554","SUP398474325","ORD5148729481",2020-03-17,24
"P79675714","CUS7931155556","SUP146303725","ORD0424132571",2022-11-29,14
"P32383673","CUS3519087308","SUP443090128","ORD3846031860",2021-01-25,6
"P87409930","CUS2788741928","SUP133509984","ORD9345064503",2020-12-01,38
"P56656400","CUS3559543533","SUP330356313","ORD5651897816",2022-05-07,55
"P91404938","CUS8226959888","SUP581298570","ORD5847957255",2022-01-25,34
"P64884205","CUS5814782323","SUP224698208","ORD8455396224",2022-03-27,68
"P66191469","CUS8192585018","SUP142663161","ORD5148729481",2022-01-12,43
"P85472117","CUS9937349176","SUP176933531","ORD5695561920",2020-01-05,76
"P56508579","CUS5597522949","SUP512101375","ORD3559623904",2022-12-02,99
"P89896259","CUS1598776894","SUP714146417","ORD7409726557",2020-02-02,16
"P66459393","CUS7416800110","SUP176933531","ORD2791334020",2020-01-30,98
"P61449978","CUS1091430837","SUP112426010","ORD5805596070",2020-06-08,13
"P59416778","CUS2050980337","SUP159407557","ORD5212771479",2022-04-14,6
"P16916593","CUS5060359840","SUP114427716","ORD5814750606",2020-09-10,18
"P31286465","CUS3085852093","SUP325358843","ORD5173457215",2022-03-18,67
"P27499095","CUS7487565920","SUP146303725","ORD3713914158",2020-06-06,36
"P61449978","CUS6455635027","SUP258163777","ORD3539770842",2021-05-24,75
"P48785223","CUS2050980337","SUP679090552","ORD1369384438",2021-04-06,55
"P61447074","CUS7907991730","SUP151690213","ORD2160465900",2021-04-27,98
"P31652354","CUS9705290881","SUP131798677","ORD5621317019",2021-07-05,14
"P40373788","CUS5096651932","SUP113427036","ORD9048518694",2020-01-24,1
"P33729106","CUS0198907958","SUP679090552","ORD2891483653",2020-11-23,93
"P90263233","CUS8833486273","SUP272155500","ORD0718737178",2021-03-04,26
"P26826691","CUS4516834154","SUP100395220","ORD3603194246",2020-08-30,76
"P38683780","CUS5699435123","SUP243659080","ORD2658400852",2021-03-17,78
"P95573042","CUS0869953095","SUP249760074","ORD7578414245",2021-05-25,50
"P11732301","CUS3508913090","SUP178275560","ORD4944507040",2022-06-12,24
"P79973603","CUS8203400094","SUP275620523","ORD9792466572",2021-10-24,34
"P66288623","CUS1330727908","SUP334406849","ORD7909548832",2022-04-29,71
"P93352401","CUS5208397536","SUP182315671","ORD6232821497",2021-03-20,69
"P11732301","CUS3219760317","SUP178275560","ORD3713914158",2020-07-12,57
"P58223547","CUS0760478201","SUP261309764","ORD6636879271",2021-06-29,15
"P41899275","CUS7565341584","SUP151805265","ORD3897345332",2020-11-14,48
"P39294219","CUS0056803036","SUP275620523","ORD2736910661",2021-11-13,84
"P29795820","CUS6120903224","SUP159432385","ORD7937481405",2022-09-01,63
"P76951423","CUS3563415188","SUP112214886","ORD0830923572",2020-10-04,62
"P82942731","CUS2715471564","SUP112214886","ORD3483040676",2022-05-30,56
"P30841123","CUS9984735494","SUP170232323","ORD1695025615",2021-07-24,38
"P70205893","CUS0470847441","SUP151690213","ORD0913621949",2021-05-17,58
"P86575409","CUS0326573062","SUP146303725","ORD3327967325",2020-04-03,71
"P40649345","CUS2404338056","SUP313562672","ORD6177262429",2020-09-28,3
"P58474530","CUS0319296857","SUP200579943","ORD6510384437",2020-08-13,51
"P13268949","CUS7812846571","SUP985993581","ORD3846031860",2021-12-17,38
"P97429604","CUS9939781350","SUP273189001","ORD5590930529",2022-12-26,37
"P27501243","CUS6136461064","SUP334920424","ORD7040430374",2021-07-15,36
"P17357211","CUS5699435123","SUP226432649","ORD0389606842",2022-07-26,20
"P98612339","CUS1505369800","SUP290451107","ORD9429363734",2020-07-17,3
"P85472117","CUS5167739152","SUP695839034","ORD2426252134",2022-01-08,64
"P75862291","CUS1104107678","SUP107618171","ORD0401311540",2020-01-18,50
"P15397235","CUS2726733735","SUP198078780","ORD8269075067",2021-01-15,16
"P63226549","CUS8828294876","SUP132825464","ORD9101661720",2022-09-06,82
"P32414713","CUS9732817674","SUP241830593","ORD6480638177",2020-01-02,91
"P34297538","CUS7106439479","SUP339148131","ORD0740608161",2021-01-20,40
"P66752896","CUS4932373171","SUP188795951","ORD8968497189",2020-07-05,91
"P63569529","CUS2685664459","SUP186921538","ORD8385988624",2020-07-03,57
"P26594134","CUS4512520449","SUP288993955","ORD9101661720",2022-05-07,17
"P77451807","CUS6455635027","SUP112214886","ORD9612448228",2022-11-13,11
"P11281448","CUS7002152815","SUP259593110","ORD9101661720",2021-06-23,31
"P11281448","CUS8533754787","SUP259593110","ORD5068822823",2021-12-20,46
"P85472117","CUS6766107200","SUP176933531","ORD2574390856",2021-01-07,92
"P89555698","CUS7529295578","SUP283070800","ORD2958995282",2022-11-15,97
"P82479977","CUS2404338056","SUP142663161","ORD2626891848",2020-01-03,93
"P99335403","CUS4858770729","SUP247151522","ORD1642180288",2021-12-06,83
"P48785223","CUS0478799837","SUP283070800","ORD0718737178",2021-05-01,27
"P89896259","CUS8787145480","SUP132254606","ORD9429363734",2021-09-30,86
"P32527331","CUS3590959622","SUP316833253","ORD5350118066",2020-11-02,64
"P47165693","CUS6022337518","SUP202756351","ORD5560027508",2022-05-11,13
"P82479977","CUS7254144612","SUP132825464","ORD8163271119",2021-04-27,52
"P13263309","CUS4496777215","SUP293268870","ORD5491875137",2020-03-13,36
"P64884205","CUS7565341584","SUP259593110","ORD5482895551",2022-05-02,52
"P71411966","CUS0778552063","SUP229604884","ORD6232821497",2020-05-30,77
"P81111129","CUS2301646262","SUP172597346","ORD6510384437",2020-02-07,57
"P18572795","CUS4793777082","SUP222889906","ORD6241134565",2021-10-01,53
"P42146558","CUS6727460124","SUP160985008","ORD2255646024",2022-11-10,54
"P44696854","CUS0335637140","SUP232333075","ORD7870079357",2022-07-06,50
"P75953482","CUS1224241754","SUP212326627","ORD4944507040",2020-06-27,79
"P41232863","CUS0702267945","SUP424904370","ORD4582044153",2022-11-06,32
"P39805594","CUS0869560840","SUP423480280","ORD0322509310",2022-03-18,30
"P77561744","CUS9137941305","SUP584400435","ORD5427894157",2020-03-10,34
"P66752896","CUS8833486273","SUP335813809","ORD8113007751",2020-06-01,12
"P92615078","CUS2301646262","SUP853255224","ORD7773187672",2020-09-18,27
"P15499527","CUS7419099944","SUP272155500","ORD7774668035",2020-09-17,81
"P86673349","CUS5871683185","SUP258163777","ORD4248672258",2021-05-05,43
"P10107240","CUS3660980579","SUP122284583","ORD5770933481",2021-01-31,43
"P70557429","CUS0663279968","SUP131798677","ORD6177093439",2022-07-05,65
"P20734556","CUS0349373345","SUP160985008","ORD5582613528",2020-09-30,58
"P38753116","CUS7956951259","SUP142524398","ORD8693640286",2022-02-17,93
"P91404938","CUS6750553702","SUP200579943","ORD8682059844",2020-08-25,61
"P53133956","CUS4117705415","SUP183296109","ORD5850225594",2022-12-08,31
"P66191469","CUS3879310602","SUP488169079","ORD5501753608",2022-10-14,77
"P90503710","CUS1821902440","SUP173547559","ORD3830532362",2020-01-01,59
"P97429604","CUS7832114347","SUP293926685","ORD1901706290",2021-08-29,5
"P59852909","CUS3810548448","SUP159407557","ORD7404492395",2022-04-14,44
"P89896259","CUS7529295578","SUP689350546","ORD9612448228",2020-02-10,76
"P75953482","CUS1022762222","SUP212326627","ORD0205353500",2020-11-23,2
"P28441437","CUS0869953095","SUP840378313","ORD9560276399",2022-05-14,57
"P99335403","CUS1491607114","SUP129224270","ORD4324442519",2022-03-04,1
"P66191469","CUS5814782323","SUP256273530","ORD6838146643",2021-06-13,70
"P44423881","CUS0869953095","SUP166618280","ORD5651897816",2020-02-20,65
"P70177835","CUS0056803036","SUP476888678","ORD0933776242",2021-04-08,17
"P91362711","CUS9902174922","SUP100395220","ORD7774668035",2020-03-27,45
"P61141902","CUS3879310602","SUP227734170","ORD1197371036",2021-10-28,61
"P82479977","CUS2870407254","SUP142663161","ORD5770933481",2021-07-22,7
"P73777011","CUS0666815798","SUP112214886","ORD1719864118",2022-01-14,14
"P89694349","CUS3977498797","SUP204457471","ORD6551829431",2022-07-13,79
"P21857128","CUS8176569860","SUP828561200","ORD8385988624",2021-07-29,62
"P32414713","CUS4576186825","SUP241830593","ORD1045261800",2022-05-22,49
"P37952537","CUS7984329591","SUP325358843","ORD6510384437",2022-12-07,37
"P93352401","CUS3912010463","SUP182315671","ORD3559623904",2022-10-01,56
"P82566347","CUS1505369800","SUP398474325","ORD6177093439",2022-01-13,32
"P70557429","CUS8021016639","SUP200579943","ORD9113582540",2021-01-04,81
"P13867118","CUS6750553702","SUP313562672","ORD0910352685",2020-03-02,41
"P32531909","CUS5875002794","SUP249760074","ORD8250944178",2021-06-02,49
"P50372459","CUS5434348680","SUP142663161","ORD5850225594",2020-01-13,29
"P47789629","CUS4459886952","SUP303365953","ORD5847957255",2020-02-01,50
"P48296294","CUS9902174922","SUP260054113","ORD8380614814",2022-05-02,56
"P17981239","CUS2267511320","SUP135411427","ORD7895214304",2022-07-15,14
"P13263309","CUS1595300775","SUP102667751","ORD5437356010",2021-10-10,55
"P21268228","CUS5282908239","SUP151805265","ORD0854269302",2022-03-16,9
"P41388769","CUS4436795195","SUP293926685","ORD5038823034",2020-09-10,84
"P64131670","CUS6959930510","SUP711474158","ORD3721953275",2021-09-17,96
"P98733463","CUS8943135270","SUP154356472","ORD9242038992",2020-08-11,88
"P15402604","CUS1684524008","SUP297518437","ORD2747685031",2020-11-21,53
"P15931711","CUS4095969210","SUP584400435","ORD0900030772",2021-12-01,71
"P56729689","CUS5060359840","SUP265269126","ORD1856934265",2022-03-19,13
"P55206620","CUS8268237988","SUP334920424","ORD2415001770",2021-11-03,11
"P11759622","CUS6073283601","SUP260054113","ORD5076358315",2022-04-21,3
"P17137437","CUS9394629246","SUP173547559","ORD3603194246",2020-05-23,72
"P88568858","CUS6398474783","SUP227734170","ORD3586735925",2021-08-24,70
"P18279428","CUS8021016639","SUP576154144","ORD0913621949",2022-02-07,6
"P44893051","CUS8740811158","SUP260909455","ORD7241551522",2022-07-29,19
"P41914107","CUS7498113090","SUP251586871","ORD7456919071",2020-11-23,22
"P36735621","CUS1979942986","SUP226432649","ORD2980088260",2022-03-26,71
"P92929889","CUS9959681238","SUP136665271","ORD0168018095",2022-09-13,74
"P37952537","CUS6230833417","SUP293926685","ORD0745545185",2020-02-15,39
"P19201199","CUS4164213167","SUP132254606","ORD7318896260",2022-05-13,22
"P64884205","CUS6774404065","SUP261309764","ORD9524835544",2022-01-04,38
"P21268228","CUS1887686843","SUP261309764","ORD7774668035",2022-09-19,44
"P49292258","CUS3219760317","SUP260762356","ORD5829417955",2021-04-25,5
"P52204796","CUS3559268826","SUP391286527","ORD7895214304",2021-12-12,92
"P45199205","CUS8071851191","SUP169767088","ORD5068822823",2021-11-26,18
"P76303988","CUS5864849154","SUP188795951","ORD3636545997",2022-09-04,60
"P81774707","CUS3977498797","SUP209531516","ORD5373467986",2021-07-27,97
"P37952537","CUS7951920134","SUP260762356","ORD9048518694",2021-04-15,10
"P36992527","CUS7100938139","SUP251725474","ORD8163271119",2020-06-19,57
"P86575409","CUS6120903224","SUP207257196","ORD8269075067",2022-01-17,25
"P31652354","CUS3568453096","SUP131798677","ORD0510401040",2021-06-07,88
"P13472415","CUS8704494261","SUP251725474","ORD2319406068",2021-05-03,24
"P91362711","CUS6604501000","SUP100395220","ORD6972436747",2020-09-28,61
"P79675714","CUS4436795195","SUP160985008","ORD8709713705",2022-12-05,9
"P80599323","CUS7555199084","SUP112426010","ORD9742606415",2021-12-16,41
"P37952537","CUS8943135270","SUP512101375","ORD3162249727",2021-01-15,81
"P61447074","CUS0485335336","SUP284017038","ORD0432091114",2021-06-08,37
"P92246999","CUS4084509183","SUP260762356","ORD5803622239",2022-02-09,57
"P55724094","CUS4852119708","SUP463149069","ORD8855077731",2020-09-09,69
"P21121307","CUS0349331189","SUP198135621","ORD9937715835",2021-11-18,1
"P79675714","CUS2515867197","SUP272769681","ORD5739212331",2020-01-20,58
"P71411966","CUS4723959378","SUP293268870","ORD4678009002",2020-08-18,34
"P66191469","CUS6798938434","SUP423480280","ORD1329643545",2021-10-25,27
"P38535158","CUS5132275095","SUP159407557","ORD7937481405",2020-01-22,48
"P46931127","CUS3810548448","SUP100395220","ORD7487164435",2021-08-06,29
"P85381374","CUS6981244861","SUP280438548","ORD0854269302",2022-03-23,81
"P95393997","CUS8943135270","SUP155078486","ORD2658400852",2021-06-24,53
"P43542510","CUS2186219417","SUP261309764","ORD5520976424",2022-06-26,15
"P28501207","CUS2605351815","SUP114427716","ORD7314023243",2021-05-16,28
"P82566347","CUS7233835160","SUP272155500","ORD5847957255",2021-10-30,100
"P81554792","CUS2404489968","SUP272155500","ORD8919126981",2021-09-30,18
"P34927127","CUS5167739152","SUP122284583","ORD4830085386",2021-11-27,85
"P60205815","CUS1634646177","SUP146303725","ORD0514814168",2021-04-01,10
"P96258197","CUS0869953095","SUP316833253","ORD0322509310",2021-08-30,82
"P62423978","CUS0783483473","SUP512101375","ORD8476665586",2020-06-22,40
"P37294983","CUS6588182066","SUP463149069","ORD4944507040",2021-03-25,96
"P99371696","CUS1718770766","SUP222889906","ORD1804608827",2022-01-21,85
"P59757555","CUS7732034554","SUP218950278","ORD3708829666",2022-05-05,89
"P64927743","CUS1539654281","SUP228032136","ORD9330194933",2022-07-26,93
"P69127521","CUS3879310602","SUP287888056","ORD2160465900",2020-05-09,84
"P44696854","CUS8056145044","SUP588129541","ORD9345064503",2021-04-29,70
"P82942731","CUS3879310602","SUP714146417","ORD5491875137",2021-11-11,34
"P82479977","CUS9152270866","SUP290964838","ORD6326295867",2022-11-21,60
"P63203803","CUS5073267176","SUP204457471","ORD7347351480",2020-09-27,29
"P36928752","CUS0571636772","SUP325358843","ORD5444245416",2022-11-04,87
"P19197874","CUS3610620455","SUP227734170","ORD4927078469",2021-08-14,98
"P62423978","CUS1278280324","SUP134982297","ORD0812856671",2022-04-07,93
"P41899275","CUS7747105142","SUP228032136","ORD3235220079",2020-05-31,27
"P23854089","CUS2891104692","SUP207257196","ORD9017518859",2022-02-10,83
"P36353779","CUS5699587551","SUP289814149","ORD2070169591",2022-06-24,85
"P80123273","CUS6697500344","SUP141435801","ORD8968497189",2022-05-27,27
"P38449378","CUS3207134734","SUP303365953","ORD5572176813",2022-05-12,14
"P75766182","CUS6022337518","SUP226432649","ORD9961067836",2020-04-26,46
"P47172400","CUS3085649263","SUP760221969","ORD3559623904",2021-10-09,91
"P14994695","CUS6894273308","SUP398474325","ORD4558182354",2020-03-06,24
"P45936394","CUS7319780089","SUP159126633","ORD7578414245",2020-12-24,97
"P59852909","CUS7932932270","SUP154356472","ORD1487849001",2021-07-16,86
"P94668096","CUS1718770766","SUP120465025","ORD2525988438",2022-04-29,89
"P41899275","CUS1022762222","SUP155467998","ORD1087221596",2020-04-20,95
"P81111129","CUS2617954021","SUP172597346","ORD7040430374",2020-12-21,26
"P62744404","CUS2050980337","SUP173547559","ORD9415363436",2020-03-30,84
"P47165693","CUS2614053503","SUP202756351","ORD4415868238",2021-03-03,89
"P99789809","CUS0470847441","SUP476888678","ORD1487849001",2021-02-02,5
"P34169033","CUS1991758499","SUP170774484","ORD8423530803",2020-10-18,37
"P56907959","CUS6906889680","SUP246730485","ORD9937715835",2021-03-17,65
"P96472289","CUS7500030959","SUP272769681","ORD8526119074",2022-05-29,4
"P45634441","CUS2518221786","SUP985993581","ORD7482638587",2020-05-26,89
"P94819787","CUS3610620455","SUP840378313","ORD4609905144",2020-08-11,73
"P42945843","CUS1907537864","SUP155467998","ORD0312814703",2020-05-06,58
"P59867097","CUS6482670962","SUP322365865","ORD6177093439",2020-04-13,54
"P53696947","CUS2788741928","SUP106937126","ORD2791334020",2021-08-10,70
"P85381374","CUS6727460124","SUP106937126","ORD3984949899",2022-05-08,56
"P23954632","CUS7732034554","SUP264619357","ORD3739044721",2021-04-26,87
"P56656400","CUS2278353411","SUP330356313","ORD9813746734",2022-03-10,48
"P37952537","CUS3333948133","SUP985993581","ORD2255646024",2022-04-11,39
"P49751701","CUS8232142286","SUP207257196","ORD5212771479",2021-05-16,90
"P90503710","CUS3559543533","SUP173547559","ORD7942287797",2021-05-30,65
"P47789629","CUS4009023279","SUP170232323","ORD9391608288",2022-05-25,90
"P45626479","CUS6401927836","SUP155467998","ORD5444245416",2022-01-13,6
"P49292258","CUS5147122206","SUP260762356","ORD4314653358",2020-02-12,66
"P69461901","CUS6022337518","SUP100395220","ORD4927078469",2022-05-03,48
"P77711784","CUS6309493817","SUP151690213","ORD2951237895",2021-04-06,100
"P11281448","CUS1266469931","SUP264619357","ORD6636879271",2022-11-09,50
"P58899446","CUS8214379040","SUP195739214","ORD1581176401",2022-11-26,14
"P89573496","CUS5762388875","SUP198135621","ORD8250944178",2020-09-27,92
"P91465745","CUS9022768252","SUP795028826","ORD2361705305",2021-11-26,95
"P31652354","CUS9648108056","SUP151971428","ORD1892489790",2022-11-28,62
"P47602968","CUS1713550946","SUP656913471","ORD3753807884",2022-11-02,29
"P92217517","CUS8833486273","SUP945668282","ORD2658400852",2021-05-31,78
"P67314901","CUS7100938139","SUP463149069","ORD1012979373",2020-12-12,39
"P47789629","CUS1941235468","SUP221499522","ORD8485600962",2022-06-09,46
"P25517310","CUS3432315376","SUP284008125","ORD2747685031",2020-12-04,79
"P41945186","CUS6458739613","SUP284017038","ORD5991349159",2020-11-01,63
"P32662825","CUS9400284608","SUP227734170","ORD9666381076",2020-07-02,84
"P79675714","CUS4423979195","SUP272769681","ORD2361705305",2021-12-09,18
"P71694575","CUS8442491759","SUP760221969","ORD7270882542",2022-09-13,40
"P38341000","CUS8828294876","SUP186921538","ORD1529404797",2020-09-06,10
"P34432938","CUS1796896772","SUP224698208","ORD0406984688",2020-06-11,29
"P29795820","CUS1760557757","SUP156300936","ORD5624596256",2022-10-16,44
"P63223251","CUS2348169959","SUP247151522","ORD2736910661",2020-09-22,39
"P38683780","CUS2858167869","SUP243659080","ORD1804608827",2021-10-19,33
"P59416778","CUS0235597759","SUP159407557","ORD2891483653",2021-09-02,73
"P37952537","CUS2416141813","SUP398474325","ORD2060415993",2021-09-28,96
"P77216116","CUS6136461064","SUP183296109","ORD7452781647",2022-05-07,73
"P57533522","CUS6073283601","SUP322365865","ORD9961067836",2022-05-02,8
"P35553822","CUS9789897766","SUP129209784","ORD3007272733",2020-08-07,23
"P73777011","CUS8850149883","SUP241058304","ORD0718737178",2020-09-12,55
"P38535158","CUS1235597083","SUP159407557","ORD5560027508",2022-11-10,73
"P23969997","CUS7797017468","SUP242348575","ORD0227538030",2021-07-13,88
"P22254190","CUS3085649263","SUP155467998","ORD4599333506",2022-12-06,62
"P40373788","CUS1941235468","SUP202756351","ORD3007272733",2021-08-06,45
"P36353779","CUS4787668765","SUP200579943","ORD4108883639",2022-02-11,45
"P12561701","CUS2788741928","SUP146303725","ORD2509688742",2021-05-05,39
"P90213319","CUS1237854598","SUP136871057","ORD7870079357",2022-08-26,55
"P99335403","CUS5864849154","SUP251586871","ORD3984928074",2020-01-21,78
"P83352663","CUS1907537864","SUP170774484","ORD0854269302",2022-08-07,23
"P39826195","CUS3977498797","SUP187257058","ORD0854269302",2022-08-23,27
"P37294983","CUS1491607114","SUP134982297","ORD8997801354",2020-12-09,88
"P77923787","CUS0365283169","SUP247151522","ORD6043251425",2022-06-16,26
"P95476550","CUS5339510921","SUP160985008","ORD1833413207",2022-10-23,38
"P32855564","CUS2345324414","SUP209531516","ORD1719864118",2021-08-13,95
"P13287051","CUS8226959888","SUP324870003","ORD2415001770",2020-03-27,81
"P61449978","CUS0327061642","SUP258163777","ORD3347269125",2021-01-11,62
"P16574244","CUS7319780089","SUP274260887","ORD0432091114",2022-05-10,100
"P87978600","CUS9286975155","SUP232115291","ORD1905776021",2021-12-12,31
"P53696947","CUS3742255150","SUP159432385","ORD7404492395",2022-04-28,85
"P33822408","CUS2602615323","SUP132315598","ORD1504518947",2022-12-25,40
"P63226549","CUS6697500344","SUP132825464","ORD5085217642",2021-11-14,20
"P36933022","CUS3559543533","SUP945668282","ORD9449354267",2022-12-21,72
"P13472415","CUS5998183185","SUP251725474","ORD4195648550",2020-08-25,54
"P78217241","CUS5487886393","SUP945668282","ORD5417336379",2021-07-06,50
"P91465745","CUS1634646177","SUP188795951","ORD1531158990",2020-08-28,90
"P17357211","CUS6449983477","SUP209531516","ORD1438459501",2020-09-18,100
"P41232863","CUS3646810106","SUP424904370","ORD9560276399",2020-03-08,34
"P80579957","CUS0342969579","SUP102667751","ORD7665078653",2020-07-07,3
"P74822795","CUS2528958110","SUP711474158","ORD8914516649",2020-03-08,30
"P89896259","CUS8189134566","SUP132254606","ORD6402388493",2022-02-18,61
"P31286465","CUS0783483473","SUP325358843","ORD0697355202",2020-05-19,5
"P97627448","CUS6981244861","SUP251725474","ORD5223844258",2021-05-11,35
"P31286465","CUS8785551031","SUP985993581","ORD3798964578",2021-07-10,68
"P42945843","CUS8828294876","SUP155467998","ORD6551829431",2022-06-28,91
"P75953482","CUS8850149883","SUP294192046","ORD1601988270",2020-11-17,82
"P33372053","CUS2193579504","SUP270987025","ORD3491071823",2020-01-20,54
"P82479977","CUS7918433742","SUP290964838","ORD6372145076",2021-04-07,43
"P64131670","CUS6544743038","SUP198078780","ORD3217386552",2022-07-19,27
"P70557429","CUS8560514589","SUP131798677","ORD5687001222",2022-03-09,28
"P75518282","CUS3559268826","SUP159126633","ORD8380457878",2021-09-25,87
"P86518936","CUS6122795623","SUP207257196","ORD8914516649",2021-05-24,9
"P49267362","CUS1981571663","SUP985993581","ORD0583594422",2022-01-02,40
"P38535158","CUS4818183709","SUP330356313","ORD2060415993",2022-11-29,7
"P13287051","CUS6892082351","SUP324870003","ORD2415001770",2020-01-09,31
"P89117870","CUS6282311217","SUP182315671","ORD8250944178",2021-01-14,20
"P32531909","CUS3822688606","SUP204457471","ORD6132172024",2021-01-23,63
"P42515509","CUS9081937030","SUP668506718","ORD8094110572",2021-01-18,87
"P61429599","CUS9732817674","SUP938696893","ORD3931910938",2021-04-08,36
"P50641947","CUS7625017567","SUP151971428","ORD0740608161",2020-11-05,10
"P82814085","CUS9826238953","SUP337535546","ORD6365517224",2022-01-11,14
"P33719577","CUS9174492152","SUP222889906","ORD8526119074",2021-12-08,88
"P23969997","CUS0937675989","SUP191864249","ORD7059684808",2020-06-23,33
"P81375409","CUS8056145044","SUP129209784","ORD5500994473",2020-06-04,48
"P85381374","CUS8165961500","SUP154356472","ORD7665078653",2020-01-17,71
"P49965352","CUS4793777082","SUP272155500","ORD5417336379",2020-06-29,66
"P70523514","CUS5462246188","SUP224448032","ORD9664865588",2020-11-01,79
"P47988011","CUS3610620455","SUP157544725","ORD8104601740",2021-10-03,23
"P39199819","CUS8607938576","SUP259593110","ORD0322509310",2021-02-09,26
"P64927743","CUS1941235468","SUP259593110","ORD9370187551",2022-06-24,61
"P70205893","CUS0040865932","SUP232333075","ORD0854269302",2021-08-12,36
"P19197874","CUS6697840323","SUP122284583","ORD3670309963",2020-10-06,6
"P54252623","CUS0663279968","SUP265977472","ORD3614259593",2021-03-21,83
"P18279428","CUS7802489601","SUP576154144","ORD3876564367",2022-04-03,39
"P38753116","CUS7737023682","SUP226905544","ORD3745448398",2021-12-21,35
"P82942731","CUS2726733735","SUP159126633","ORD3162249727",2020-01-25,28
"P46931127","CUS0544536401","SUP476888678","ORD7842440824",2021-01-24,93
"P58899446","CUS2050980337","SUP195739214","ORD3708829666",2022-07-22,85
"P91404938","CUS7233835160","SUP200579943","ORD3614259593",2022-04-29,56
"P46102483","CUS0706018877","SUP926577248","ORD2160465900",2022-10-08,69
"P50505190","CUS4858770729","SUP112426010","ORD0646711965",2021-02-08,82
"P81111129","CUS9937349176","SUP172597346","ORD5501753608",2020-11-13,14
"P92881101","CUS1539654281","SUP135411427","ORD2246327040",2020-01-10,40
"P20734556","CUS0186724608","SUP195739214","ORD7516965573",2021-09-11,14
"P26262802","CUS6120903224","SUP695839034","ORD0752227526",2020-05-20,22
"P50372459","CUS2731889926","SUP985993581","ORD8094110572",2020-02-01,13
"P15397235","CUS3563415188","SUP198078780","ORD7132155733",2021-08-15,80
"P57427090","CUS2469326311","SUP133404992","ORD4858805870",2020-01-28,82
"P60205815","CUS2731889926","SUP359315989","ORD4595341868",2020-06-07,90
"P87409930","CUS9375218910","SUP133509984","ORD5663974330",2020-01-31,39
"P64131670","CUS6590531439","SUP198078780","ORD0432091114",2022-06-28,25
"P94668096","CUS9732817674","SUP120465025","ORD4248672258",2020-11-06,52
"P54574264","CUS1261406559","SUP185486546","ORD1531158990",2022-05-14,12
"P93988828","CUS6063653236","SUP241058304","ORD8579025934",2021-03-07,61
"P96677758","CUS1413703178","SUP135710883","ORD8455396224",2022-06-06,4
"P93464793","CUS6727460124","SUP260054113","ORD7119371811",2020-12-05,44
"P75463073","CUS4357285046","SUP398474325","ORD0851817634",2022-09-24,71
"P20674547","CUS3587428794","SUP218582517","ORD5766664698",2021-10-03,25
"P78537269","CUS5934762575","SUP226432649","ORD2580746018",2021-09-05,49
"P80123273","CUS8430998942","SUP207257196","ORD4599333506",2021-08-18,7
"P86711759","CUS0131688952","SUP334406849","ORD5847957255",2020-11-26,95
"P50847950","CUS7402177998","SUP242348575","ORD3753807884",2021-02-15,39
"P19197874","CUS1091430837","SUP227734170","ORD3708829666",2020-12-13,11
"P54574264","CUS7849827244","SUP185486546","ORD0686443040",2022-04-01,5
"P51502320","CUS5699435123","SUP100395220","ORD2574390856",2022-03-01,30
"P23854089","CUS6309493817","SUP160985008","ORD5482895551",2021-04-09,24
"P59867097","CUS8548635932","SUP339148131","ORD5621317019",2021-02-06,52
"P80599323","CUS5871683185","SUP195184466","ORD9560276399",2021-01-21,99
"P99996011","CUS2464432504","SUP294192046","ORD4140970948",2021-05-04,12
"P31286465","CUS7980170008","SUP463149069","ORD4309056043",2022-03-16,52
"P69127521","CUS5434348680","SUP424904370","ORD6661863278",2021-05-31,89
"P98612339","CUS4459886952","SUP463149069","ORD1607433528",2021-11-22,80
"P78367641","CUS5699435123","SUP668506718","ORD7452781647",2021-12-24,68
"P81774707","CUS1091430837","SUP283355172","ORD2319406068",2022-11-20,6
"P64131670","CUS3508913090","SUP711474158","ORD9807669296",2020-01-17,35
"P90925914","CUS4650508150","SUP132825464","ORD7119371811",2020-12-20,39
"P77561744","CUS0937675989","SUP265269126","ORD7290219235",2020-03-17,70
"P14671093","CUS0869953095","SUP424904370","ORD0389606842",2020-11-12,20
"P45199205","CUS8704494261","SUP169767088","ORD9391608288",2022-07-21,22
"P82197036","CUS0869953095","SUP185486546","ORD3540807879",2020-09-12,56
"P83414248","CUS2528958110","SUP290964838","ORD4420390312",2022-04-17,68
"P66752896","CUS7907991730","SUP188795951","ORD5213488605",2021-07-27,30
"P21444532","CUS1909475483","SUP273189001","ORD4420390312",2020-08-31,29
"P54574264","CUS1887686843","SUP278639247","ORD2769495107",2021-09-10,18
"P79973603","CUS8176569860","SUP246730485","ORD0376767373",2020-01-01,87
"P17909696","CUS4349830375","SUP241058304","ORD6888071028",2020-05-23,13
"P14994695","CUS1505369800","SUP224448032","ORD7119371811",2020-02-04,92
"P82406876","CUS9174492152","SUP146303725","ORD4581480131",2022-04-05,74
"P78537269","CUS8118856623","SUP151690213","ORD2226155832",2020-04-04,56
"P82942731","CUS8714658291","SUP159126633","ORD5803622239",2021-06-08,18
"P95573042","CUS3738194096","SUP241830593","ORD0424132571",2021-06-28,68
"P32531909","CUS2617954021","SUP338902121","ORD5038823034",2022-09-01,23
"P89694349","CUS5999378761","SUP265269126","ORD0562645562",2021-10-30,27
"P21857128","CUS8714658291","SUP828561200","ORD7939621469",2020-07-19,61
"P49267362","CUS6544743038","SUP985993581","ORD3347269125",2021-06-27,3
"P82942731","CUS8301598824","SUP112214886","ORD9359591862",2022-10-16,47
"P19729934","CUS5658663180","SUP201639405","ORD0514814168",2020-02-25,33
"P41945186","CUS3085649263","SUP283070800","ORD7791866913",2021-01-09,77
"P53438658","CUS0470481838","SUP160985008","ORD8292399597",2021-05-18,96
"P89611215","CUS4818183709","SUP158785898","ORD4944507040",2022-04-19,50
"P79973603","CUS1261406559","SUP260054113","ORD2903522818",2020-11-16,2
"P46637021","CUS0700654054","SUP133509984","ORD2279853967",2022-03-15,51
"P89896259","CUS1598776894","SUP689350546","ORD8349911089",2021-04-05,74
"P64927743","CUS7923296715","SUP303365953","ORD0910352685",2022-06-03,59
"P50505190","CUS3879310602","SUP359315989","ORD1876273307",2022-11-22,28
"P89896259","CUS5622992699","SUP714146417","ORD6972436747",2021-10-04,13
"P92803982","CUS8176569860","SUP246839810","ORD7478603209",2020-06-17,31
"P77711784","CUS5762388875","SUP151690213","ORD8784734140",2020-04-02,57
"P49751701","CUS7907991730","SUP311982157","ORD7371871844",2021-01-10,67
"P99371696","CUS8956012032","SUP222889906","ORD3838289040",2022-10-06,3
"P37161903","CUS6122795623","SUP892567108","ORD7973831787",2022-10-27,13
"P59867097","CUS4095969210","SUP290451107","ORD0646711965",2022-02-20,44
"P42515509","CUS0984359389","SUP668506718","ORD5687001222",2020-11-04,40
"P86402575","CUS9984735494","SUP945668282","ORD2509688742",2021-12-16,64
"P86711759","CUS1979942986","SUP261123843","ORD9242038992",2020-09-12,20
"P23854089","CUS8565490017","SUP227734170","ORD1856934265",2021-03-16,49
"P57427090","CUS8607938576","SUP338902121","ORD6901688390",2021-09-10,92
"P86575409","CUS9174492152","SUP249760074","ORD7939621469",2022-10-17,3
"P64131670","CUS0571636772","SUP584400435","ORD4944507040",2022-08-20,73
"P86402575","CUS7100938139","SUP945668282","ORD3603194246",2020-09-11,58
"P37294983","CUS8714658291","SUP134982297","ORD9031329275",2022-07-03,10
"P23885151","CUS4974751867","SUP142524398","ORD2547548454",2022-11-16,39
"P90925914","CUS6482670962","SUP132825464","ORD9370187551",2020-06-25,67
"P95476550","CUS1103627856","SUP198078780","ORD5766664698",2022-12-30,46
"P51373352","CUS5998183185","SUP945668282","ORD7773187672",2021-08-22,8
"P57427090","CUS3738194096","SUP338902121","ORD0745545185",2020-04-25,63
"P83414248","CUS3822688606","SUP290964838","ORD7487164435",2022-04-10,99
"P55206620","CUS5050117607","SUP155467998","ORD7247479107",2022-10-11,100
"P61449978","CUS2740649282","SUP112426010","ORD0910352685",2021-07-23,14
"P33729106","CUS1979942986","SUP679090552","ORD5461059312",2022-06-19,20
"P41914107","CUS5378986729","SUP284008125","ORD5427894157",2020-11-06,34
"P39121645","CUS1796896772","SUP267200255","ORD0686443040",2022-06-12,67
"P37952537","CUS2464432504","SUP293926685","ORD5345633387",2022-03-04,18
"P92682355","CUS6544743038","SUP246839810","ORD4558182354",2021-01-28,32
"P26594134","CUS4509481500","SUP274260887","ORD5850225594",2020-08-25,83
"P31286465","CUS2014708320","SUP325358843","ORD4380308954",2022-06-20,67
"P61963665","CUS1278280324","SUP132254606","ORD7303584175",2020-04-27,39
"P50372459","CUS0869560840","SUP224448032","ORD6821335843",2022-09-23,88
"P39731603","CUS2685664459","SUP938696893","ORD5117450881",2020-06-11,76
"P32531909","CUS7727144401","SUP136871057","ORD2951237895",2021-01-13,98
"P32339443","CUS3810548448","SUP760221969","ORD6579004634",2020-06-02,75
"P82479977","CUS3333948133","SUP262728222","ORD8914516649",2022-02-04,41
"P48111266","CUS7644746420","SUP206423067","ORD0184211341",2020-09-05,18
"P77923787","CUS5864849154","SUP132254606","ORD5034906776",2020-07-26,47
"P71686912","CUS4509481500","SUP476888678","ORD1046440924",2021-09-30,45
"P92682355","CUS3095772874","SUP122284583","ORD8494626564",2021-12-20,11
"P79973603","CUS0181978083","SUP246730485","ORD2361705305",2020-10-22,91
"P43542510","CUS1981571663","SUP144153284","ORD6363263731",2020-12-15,24
"P39805594","CUS2462286713","SUP273189001","ORD2060415993",2022-01-26,61
"P14671093","CUS1921391375","SUP424904370","ORD5480831621",2022-03-13,11
"P52784962","CUS1237854598","SUP260762356","ORD0313825711",2022-06-20,78
"P63569529","CUS3333948133","SUP224698208","ORD5501753608",2021-03-11,13
"P44116414","CUS6033136586","SUP248372052","ORD8101102389",2020-04-05,51
"P86673349","CUS4009023279","SUP198078780","ORD8579025934",2021-09-22,49
"P47988011","CUS1386317683","SUP265977472","ORD6132172024",2022-12-01,7
"P30841123","CUS0964175193","SUP170232323","ORD3483040676",2021-07-15,79
"P77906440","CUS3810548448","SUP305385506","ORD4420390312",2021-07-24,41
"P62423978","CUS2447947690","SUP512101375","ORD6667949041",2022-12-19,82
"P18539192","CUS0666815798","SUP114427716","ORD9177842114",2021-12-09,63
"P60375192","CUS2542258627","SUP125198230","ORD5417336379",2021-06-07,8
"P41608676","CUS9669922704","SUP129224270","ORD9742606415",2021-03-04,75
"P37231300","CUS7002152815","SUP198078780","ORD5461059312",2020-12-23,83
"P89555698","CUS1962480119","SUP283070800","ORD0447575242",2020-08-15,63
"P90263233","CUS7120774123","SUP135411427","ORD5345633387",2022-02-15,39
"P36735621","CUS9081937030","SUP232333075","ORD7858391833",2020-12-06,62
"P32531909","CUS2942879726","SUP218950278","ORD4052042447",2022-11-02,45
"P40373788","CUS2267511320","SUP113427036","ORD4597840974",2020-12-18,64
"P92615078","CUS5398630814","SUP264619357","ORD3559623904",2020-10-31,13
"P88568858","CUS2738440495","SUP248372052","ORD3347269125",2020-02-06,6
"P36329652","CUS5556098751","SUP840378313","ORD5002370556",2020-09-02,95
"P62423978","CUS3725458952","SUP272155500","ORD7761576737",2022-10-01,18
"P92803982","CUS3148982312","SUP122284583","ORD6241134565",2020-08-30,80
"P21857128","CUS3879310602","SUP695839034","ORD5038823034",2020-03-25,93
"P70356262","CUS3086039701","SUP178309329","ORD7247479107",2020-08-13,83
"P77216116","CUS6553843783","SUP424904370","ORD6821335843",2022-03-06,36
"P13745599","CUS8430998942","SUP359315989","ORD8222488673",2021-10-09,28
"P31652354","CUS0327061642","SUP209531516","ORD0577068426",2021-11-03,32
"P19201199","CUS2672993394","SUP260054113","ORD6326295867",2021-12-24,19
"P23954632","CUS5853736426","SUP264619357","ORD6365517224",2020-10-20,12
"P15957424","CUS8956012032","SUP293926685","ORD9742606415",2021-09-11,36
"P56993765","CUS2542258627","SUP159407557","ORD6838146643",2020-08-06,23
"P75862291","CUS8666880597","SUP163462750","ORD3353144180",2022-09-22,96
"P86575409","CUS5073267176","SUP207257196","ORD0583594422",2021-08-03,24
"P41232863","CUS1713550946","SUP424904370","ORD5663974330",2021-10-03,27
"P56729689","CUS2542258627","SUP265269126","ORD3327967325",2022-12-20,11
"P61449978","CUS3570619591","SUP222889906","ORD6231197188",2022-06-27,25
"P64884205","CUS9861275711","SUP259593110","ORD9442108925",2021-05-10,100
"P53649623","CUS3400479128","SUP391286527","ORD5624596256",2020-07-08,45
"P62685206","CUS3611501190","SUP204457471","ORD5991349159",2020-09-08,100
"P39805594","CUS3656326665","SUP273189001","ORD7888575083",2021-09-05,18
"P65741732","CUS4512520449","SUP246730485","ORD5373467986",2022-12-05,73
"P79973603","CUS5050117607","SUP260054113","ORD4164026020",2021-05-02,84
"P53378526","CUS1476674221","SUP828561200","ORD5480831621",2022-02-17,56
"P28441437","CUS4974751867","SUP198135621","ORD7119371811",2022-06-28,65
"P82197036","CUS5622992699","SUP689350546","ORD4830085386",2022-02-04,11
"P37294983","CUS2891104692","SUP142524398","ORD9442108925",2021-06-07,3
"P39731603","CUS5482378098","SUP938696893","ORD6579004634",2020-10-06,74
"P34701889","CUS2404489968","SUP584400435","ORD3253666159",2022-01-04,18
"P91263430","CUS0510573673","SUP280438548","ORD9710202296",2022-12-24,48
"P11732301","CUS7932932270","SUP178275560","ORD7206770213",2022-04-25,36
"P23954632","CUS0342969579","SUP264619357","ORD5766664698",2020-08-04,46
"P81554792","CUS8929728499","SUP272155500","ORD6363263731",2021-11-29,48
"P31286465","CUS8268237988","SUP463149069","ORD6510384437",2020-08-06,98
"P64131670","CUS9864704958","SUP227734170","ORD2980088260",2020-09-13,82
"P53133956","CUS6477486903","SUP424904370","ORD0510401040",2022-08-13,90
"P40373788","CUS5208397536","SUP200579943","ORD1369384438",2021-04-15,55
"P36381999","CUS1962480119","SUP668506718","ORD5002370556",2021-06-19,51
"P83352663","CUS2542258627","SUP581298570","ORD7665078653",2021-08-07,30
"P23969997","CUS3614087298","SUP207257196","ORD3984949899",2022-11-07,78
"P19201199","CUS4858770729","SUP132254606","ORD4049752310",2020-07-24,56
"P49439033","CUS0702267945","SUP828561200","ORD7290219235",2020-04-06,40
"P15957424","CUS6282311217","SUP226905544","ORD2525988438",2022-08-21,45
"P82197036","CUS6455635027","SUP337535546","ORD4599333506",2022-02-01,36
"P64131670","CUS0283852631","SUP195739214","ORD7724999060",2020-03-03,45
"P41388769","CUS8785551031","SUP142663161","ORD1793324990",2022-07-22,89
"P36846102","CUS9984735494","SUP275620523","ORD3745448398",2021-08-11,33
"P82906066","CUS0181978083","SUP324870003","ORD0851817634",2021-04-26,22
"P14994695","CUS9267696068","SUP398474325","ORD2160465900",2022-06-26,25
"P82284372","CUS6774404065","SUP232115291","ORD0614892300",2020-02-22,4
"P76951423","CUS9864704958","SUP185486546","ORD3539770842",2022-06-13,63
"P57427090","CUS0365283169","SUP133404992","ORD2894463576",2020-11-06,74
"P62744404","CUS2685664459","SUP228032136","ORD4944507040",2022-07-21,16
"P53133956","CUS1547103515","SUP424904370","ORD2736910661",2020-02-14,90
"P23885151","CUS8430998942","SUP273189001","ORD0567798328",2022-04-19,46
"P19201199","CUS5772154958","SUP260054113","ORD0341392452",2020-05-19,97
"P77906440","CUS1341801934","SUP840587209","ORD9536392376",2022-09-02,5
"P11759622","CUS9137941305","SUP260054113","ORD0041195661",2022-08-29,29
"P10975669","CUS7120774123","SUP173547559","ORD1487849001",2022-08-27,58
"P36381999","CUS2672993394","SUP241830593","ORD3327967325",2021-07-04,99
"P36381999","CUS7030582586","SUP241830593","ORD3838289040",2020-12-16,75
"P13508452","CUS3822688606","SUP133509984","ORD6177093439",2022-06-12,95
"P61926913","CUS6033136586","SUP259205684","ORD2415001770",2021-10-08,25
"P79973603","CUS7416800110","SUP275620523","ORD0510401040",2021-06-12,97
"P33926222","CUS3856926208","SUP260762356","ORD2791334020",2022-10-15,50
"P54446208","CUS8641966102","SUP689350546","ORD9666381076",2022-08-22,41
"P17981239","CUS4032403325","SUP512101375","ORD6746889039",2020-07-23,15
"P30241270","CUS2301646262","SUP232333075","ORD5500994473",2020-07-18,4
"P76573321","CUS3570619591","SUP163462750","ORD5687001222",2022-08-05,34
"P48287238","CUS5060359840","SUP131798677","ORD6661863278",2022-10-18,26
"P85664224","CUS9831686721","SUP129224270","ORD0232989578",2020-06-15,13
"P36992527","CUS1035613352","SUP251725474","ORD3537126090",2020-11-27,57
"P31886096","CUS2528958110","SUP297518437","ORD1452419325",2022-11-01,45
"P86575409","CUS2469326311","SUP146303725","ORD5482895551",2021-06-03,25
"P94622945","CUS8214379040","SUP311982157","ORD2580746018",2021-06-22,71
"P53696947","CUS3519087308","SUP159432385","ORD4127078622",2022-06-02,17
"P91809454","CUS0667980644","SUP656913471","ORD2658400852",2020-11-02,67
"P92909603","CUS1713550946","SUP207257196","ORD5350118066",2021-07-09,69
"P69461901","CUS0510573673","SUP264619357","ORD7478603209",2021-12-27,45
"P18156345","CUS2464432504","SUP202756351","ORD4314653358",2021-12-26,32
"P80167548","CUS4818183709","SUP295630905","ORD3537126090",2022-10-08,75
"P81392925","CUS1278280324","SUP289814149","ORD2580746018",2020-06-12,9
"P55206620","CUS8714658291","SUP144153284","ORD8476665586",2021-07-25,16
"P62423978","CUS8787145480","SUP512101375","ORD2060415993",2020-08-20,92
"P36353779","CUS9267696068","SUP200579943","ORD3060938201",2020-01-29,1
"P44116414","CUS2715471564","SUP668506718","ORD0900030772",2021-02-28,27
"P89573496","CUS2193579504","SUP129224270","ORD1888016254",2021-11-13,78
"P53649623","CUS3333948133","SUP178309329","ORD5733190791",2020-04-28,6
"P15931711","CUS9540043492","SUP584400435","ORD8682059844",2022-06-16,62
"P41388769","CUS0319296857","SUP293926685","ORD5342402814",2021-07-12,13
"P48296294","CUS7749762299","SUP159126633","ORD0389606842",2022-02-08,85
"P46637021","CUS7907991730","SUP270987025","ORD9560276399",2022-05-08,79
"P38683780","CUS2348169959","SUP191089540","ORD8880165075",2021-11-23,33
"P99789809","CUS9901496896","SUP476888678","ORD0646711965",2022-10-02,94
"P61449978","CUS0869560840","SUP258163777","ORD0341392452",2022-12-31,96
"P26826691","CUS1035613352","SUP261309764","ORD7347351480",2020-06-06,34
"P79675714","CUS3253694305","SUP146303725","ORD7774668035",2022-05-27,54
"P16422655","CUS0327061642","SUP170232323","ORD6177093439",2020-11-21,92
"P45507004","CUS8509993262","SUP251586871","ORD8913617259",2022-07-05,86
"P24518204","CUS8509993262","SUP275620523","ORD0900030772",2022-11-17,76
"P55495888","CUS2738440495","SUP289814149","ORD7761576737",2021-12-17,26
"P36928752","CUS2066613908","SUP316833253","ORD5500994473",2022-04-12,82
"P20154366","CUS5556098751","SUP251725474","ORD3491071823",2021-12-25,51
"P13745599","CUS2471316379","SUP112426010","ORD0342823361",2020-03-01,10
"P82814085","CUS6553843783","SUP270987025","ORD6739546265",2022-12-02,50
"P38753116","CUS7120774123","SUP142524398","ORD7314023243",2021-04-10,90
"P57427090","CUS3774712077","SUP198078780","ORD3713914158",2020-11-01,15
"P61447074","CUS3725458952","SUP284017038","ORD9796136530",2022-09-07,41
"P92792924","CUS2726733735","SUP265977472","ORD0226106710",2021-11-26,50
"P37294983","CUS9501198537","SUP463149069","ORD7371871844",2021-05-17,59
"P95573042","CUS6604501000","SUP249760074","ORD1597773512",2022-12-20,38
"P39121645","CUS0342969579","SUP267200255","ORD0250163877",2020-04-01,62
"P81375409","CUS3228268209","SUP132315598","ORD0514814168",2022-05-03,65
